
GO

USE base_consorcio;

---------------
-- Provincias
---------------
GO
Insert into provincia (idprovincia, descripcion,km2,cantdptos,poblacion,nomcabe) values (1, 'Capital Federal',203,1,2891082,'Capital Federal')
Insert into provincia (idprovincia, descripcion,km2,cantdptos,poblacion,nomcabe) values (2, 'Buenos Aires',307571,127,15594428,'La Plata')
Insert into provincia (idprovincia, descripcion,km2,cantdptos,poblacion,nomcabe) values (3, 'Catamarca',102602,16,367820,'San Fernando del Valle de Catamarca')
Insert into provincia (idprovincia, descripcion,km2,cantdptos,poblacion,nomcabe) values (4, 'Chaco',99633,24,1053466,'Resistencia')
Insert into provincia (idprovincia, descripcion,km2,cantdptos,poblacion,nomcabe) values (5, 'Chubut',224686,15,506668,'Rawson')
Insert into provincia (idprovincia, descripcion,km2,cantdptos,poblacion,nomcabe) values (6, 'Córdoba',165321,26,3304825,'Córdoba')
Insert into provincia (idprovincia, descripcion,km2,cantdptos,poblacion,nomcabe) values (7, 'Corrientes',88199,25,993338,'Corrientes')
Insert into provincia (idprovincia, descripcion,km2,cantdptos,poblacion,nomcabe) values (8, 'Entre Rios',78781,16,1236300,'Paraná')
Insert into provincia (idprovincia, descripcion,km2,cantdptos,poblacion,nomcabe) values (9, 'Formosa',72066,9,527895,'Formosa')
Insert into provincia (idprovincia, descripcion,km2,cantdptos,poblacion,nomcabe) values (10, 'Jujuy',53219,16,672260,'San Salvador de Jujuy')
Insert into provincia (idprovincia, descripcion,km2,cantdptos,poblacion,nomcabe) values (11, 'La Pampa',14344,22,316940,'Santa Rosa')
Insert into provincia (idprovincia, descripcion,km2,cantdptos,poblacion,nomcabe) values (12, 'La Rioja',8968,10,331847,'La Rioja')
Insert into provincia (idprovincia, descripcion,km2,cantdptos,poblacion,nomcabe) values (13, 'Mendoza',148827,10,1741610,'Mendoza')
Insert into provincia (idprovincia, descripcion,km2,cantdptos,poblacion,nomcabe) values (14, 'Misiones',29801,17,1097829,'Posadas')
Insert into provincia (idprovincia, descripcion,km2,cantdptos,poblacion,nomcabe) values (15, 'Neuquén',94078,16,550344,'Neuquén')
Insert into provincia (idprovincia, descripcion,km2,cantdptos,poblacion,nomcabe) values (16, 'Río Negro',203013,10,633374,'Viedma')
Insert into provincia (idprovincia, descripcion,km2,cantdptos,poblacion,nomcabe) values (17, 'Salta',155488,23,1215207,'Salta')
Insert into provincia (idprovincia, descripcion,km2,cantdptos,poblacion,nomcabe) values (18, 'San Juan',89651,19,680427,'San Juan')
Insert into provincia (idprovincia, descripcion,km2,cantdptos,poblacion,nomcabe) values (19, 'San Luis',76748,9,431588,'San Luis')
Insert into provincia (idprovincia, descripcion,km2,cantdptos,poblacion,nomcabe) values (20, 'Santa Cruz',243943,7,272524,'Río Gallegos')
Insert into provincia (idprovincia, descripcion,km2,cantdptos,poblacion,nomcabe) values (21, 'Santa Fe',133007,19,3200736,'Santa Fe')
Insert into provincia (idprovincia, descripcion,km2,cantdptos,poblacion,nomcabe) values (22, 'Santiago del Estero',106351,27,896461,'Santiago del Estero')
Insert into provincia (idprovincia, descripcion,km2,cantdptos,poblacion,nomcabe) values (23, 'Tierra del Fuego',21263,4,126190,'Ushuaia')
Insert into provincia (idprovincia, descripcion,km2,cantdptos,poblacion,nomcabe) values (24, 'Tucuman',22524,17,1448200,'San Miguel de Tucumán')
 
--Select * from provincia
GO
---------------
-- Localidades
---------------
INSERT INTO localidad (idprovincia, idlocalidad, descripcion) VALUES (1, 1, 'Ciudad Autónoma de Buenos Aires')
INSERT INTO localidad (idprovincia, idlocalidad, descripcion) VALUES (1, 2, 'Colegiales')
INSERT INTO localidad (idprovincia, idlocalidad, descripcion) VALUES (1, 3, 'Retiro')
INSERT INTO localidad (idprovincia, idlocalidad, descripcion) VALUES (1, 4, 'Villa Lugano')
INSERT INTO localidad (idprovincia, idlocalidad, descripcion) VALUES (1, 5, 'Villa Santa Rita')
INSERT INTO localidad (idprovincia, idlocalidad, descripcion) VALUES (2, 1, 'Adrogué')
INSERT INTO localidad (idprovincia, idlocalidad, descripcion) VALUES (2, 2, 'Alberti')
INSERT INTO localidad (idprovincia, idlocalidad, descripcion) VALUES (2, 3, 'Arrecifes')
INSERT INTO localidad (idprovincia, idlocalidad, descripcion) VALUES (2, 4, 'Avellaneda')
INSERT INTO localidad (idprovincia, idlocalidad, descripcion) VALUES (2, 5, 'Ayacucho')
INSERT INTO localidad (idprovincia, idlocalidad, descripcion) VALUES (2, 6, 'Azul')
INSERT INTO localidad (idprovincia, idlocalidad, descripcion) VALUES (2, 7, 'Bahía Blanca')
INSERT INTO localidad (idprovincia, idlocalidad, descripcion) VALUES (2, 8, 'Balcarce')
INSERT INTO localidad (idprovincia, idlocalidad, descripcion) VALUES (2, 9, 'Baradero')
INSERT INTO localidad (idprovincia, idlocalidad, descripcion) VALUES (2, 10, 'Belén de Escobar')
INSERT INTO localidad (idprovincia, idlocalidad, descripcion) VALUES (2, 11, 'Benito Juárez')
INSERT INTO localidad (idprovincia, idlocalidad, descripcion) VALUES (2, 12, 'Berisso')
INSERT INTO localidad (idprovincia, idlocalidad, descripcion) VALUES (2, 13, 'Bragado')
INSERT INTO localidad (idprovincia, idlocalidad, descripcion) VALUES (2, 14, 'Brandsen')
INSERT INTO localidad (idprovincia, idlocalidad, descripcion) VALUES (2, 15, 'Campana')
INSERT INTO localidad (idprovincia, idlocalidad, descripcion) VALUES (2, 16, 'Cañuelas')
INSERT INTO localidad (idprovincia, idlocalidad, descripcion) VALUES (2, 17, 'Capilla del Señor')
INSERT INTO localidad (idprovincia, idlocalidad, descripcion) VALUES (2, 18, 'Capitán Sarmiento')
INSERT INTO localidad (idprovincia, idlocalidad, descripcion) VALUES (2, 19, 'Carhué')
INSERT INTO localidad (idprovincia, idlocalidad, descripcion) VALUES (2, 20, 'Cariló')
INSERT INTO localidad (idprovincia, idlocalidad, descripcion) VALUES (2, 21, 'Carlos Casares')
INSERT INTO localidad (idprovincia, idlocalidad, descripcion) VALUES (2, 22, 'Carlos Tejedor')
INSERT INTO localidad (idprovincia, idlocalidad, descripcion) VALUES (2, 23, 'Carmen de Areco')
INSERT INTO localidad (idprovincia, idlocalidad, descripcion) VALUES (2, 24, 'Carmen de Patagones')
INSERT INTO localidad (idprovincia, idlocalidad, descripcion) VALUES (2, 25, 'Caseros')
INSERT INTO localidad (idprovincia, idlocalidad, descripcion) VALUES (2, 26, 'Castelli')
INSERT INTO localidad (idprovincia, idlocalidad, descripcion) VALUES (2, 27, 'Chacabuco')
INSERT INTO localidad (idprovincia, idlocalidad, descripcion) VALUES (2, 28, 'Chascomús')
INSERT INTO localidad (idprovincia, idlocalidad, descripcion) VALUES (2, 29, 'Chivilcoy')
INSERT INTO localidad (idprovincia, idlocalidad, descripcion) VALUES (2, 30, 'Colón')
INSERT INTO localidad (idprovincia, idlocalidad, descripcion) VALUES (2, 31, 'Coronel Dorrego')
INSERT INTO localidad (idprovincia, idlocalidad, descripcion) VALUES (2, 32, 'Coronel Pringles')
INSERT INTO localidad (idprovincia, idlocalidad, descripcion) VALUES (2, 33, 'Coronel Suárez')
INSERT INTO localidad (idprovincia, idlocalidad, descripcion) VALUES (2, 34, 'Coronel Vidal')
INSERT INTO localidad (idprovincia, idlocalidad, descripcion) VALUES (2, 35, 'Daireaux')
INSERT INTO localidad (idprovincia, idlocalidad, descripcion) VALUES (2, 36, 'Dolores')
INSERT INTO localidad (idprovincia, idlocalidad, descripcion) VALUES (2, 37, 'Ensenada')
INSERT INTO localidad (idprovincia, idlocalidad, descripcion) VALUES (2, 38, 'Ezeiza')
INSERT INTO localidad (idprovincia, idlocalidad, descripcion) VALUES (2, 39, 'Florencio Varela')
INSERT INTO localidad (idprovincia, idlocalidad, descripcion) VALUES (2, 40, 'Florentino Ameghino')
INSERT INTO localidad (idprovincia, idlocalidad, descripcion) VALUES (2, 41, 'General Alvear')
INSERT INTO localidad (idprovincia, idlocalidad, descripcion) VALUES (2, 42, 'General Arenales')
INSERT INTO localidad (idprovincia, idlocalidad, descripcion) VALUES (2, 43, 'General Belgrano')
INSERT INTO localidad (idprovincia, idlocalidad, descripcion) VALUES (2, 44, 'General Conesa')
INSERT INTO localidad (idprovincia, idlocalidad, descripcion) VALUES (2, 45, 'General Guido')
INSERT INTO localidad (idprovincia, idlocalidad, descripcion) VALUES (2, 46, 'General Juan Madariaga')
INSERT INTO localidad (idprovincia, idlocalidad, descripcion) VALUES (2, 47, 'General La Madrid')
INSERT INTO localidad (idprovincia, idlocalidad, descripcion) VALUES (2, 48, 'General Las Heras')
INSERT INTO localidad (idprovincia, idlocalidad, descripcion) VALUES (2, 49, 'General Lavalle')
INSERT INTO localidad (idprovincia, idlocalidad, descripcion) VALUES (2, 50, 'General Pinto')
INSERT INTO localidad (idprovincia, idlocalidad, descripcion) VALUES (2, 51, 'General Rodríguez')
INSERT INTO localidad (idprovincia, idlocalidad, descripcion) VALUES (2, 52, 'General San Martín')
INSERT INTO localidad (idprovincia, idlocalidad, descripcion) VALUES (2, 53, 'General Viamonte')
INSERT INTO localidad (idprovincia, idlocalidad, descripcion) VALUES (2, 54, 'General Villegas')
INSERT INTO localidad (idprovincia, idlocalidad, descripcion) VALUES (2, 55, 'Guaminí')
INSERT INTO localidad (idprovincia, idlocalidad, descripcion) VALUES (2, 56, 'Guernica')
INSERT INTO localidad (idprovincia, idlocalidad, descripcion) VALUES (2, 57, 'Henderson')
INSERT INTO localidad (idprovincia, idlocalidad, descripcion) VALUES (2, 58, 'Hurlingham')
INSERT INTO localidad (idprovincia, idlocalidad, descripcion) VALUES (2, 59, 'Ituzaingó')
INSERT INTO localidad (idprovincia, idlocalidad, descripcion) VALUES (2, 60, 'Junín')
INSERT INTO localidad (idprovincia, idlocalidad, descripcion) VALUES (2, 61, 'La Plata')
INSERT INTO localidad (idprovincia, idlocalidad, descripcion) VALUES (2, 62, 'Lanús')
INSERT INTO localidad (idprovincia, idlocalidad, descripcion) VALUES (2, 63, 'Laprida')
INSERT INTO localidad (idprovincia, idlocalidad, descripcion) VALUES (2, 64, 'Las Flores')
INSERT INTO localidad (idprovincia, idlocalidad, descripcion) VALUES (2, 65, 'Lincoln')
INSERT INTO localidad (idprovincia, idlocalidad, descripcion) VALUES (2, 66, 'Lobería')
INSERT INTO localidad (idprovincia, idlocalidad, descripcion) VALUES (2, 67, 'Lobos')
INSERT INTO localidad (idprovincia, idlocalidad, descripcion) VALUES (2, 68, 'Lomas de Zamora')
INSERT INTO localidad (idprovincia, idlocalidad, descripcion) VALUES (2, 69, 'Luján')
INSERT INTO localidad (idprovincia, idlocalidad, descripcion) VALUES (2, 70, 'Magdalena')
INSERT INTO localidad (idprovincia, idlocalidad, descripcion) VALUES (2, 71, 'Maipú')
INSERT INTO localidad (idprovincia, idlocalidad, descripcion) VALUES (2, 72, 'Mar del Plata')
INSERT INTO localidad (idprovincia, idlocalidad, descripcion) VALUES (2, 73, 'Mar del Tuyú')
INSERT INTO localidad (idprovincia, idlocalidad, descripcion) VALUES (2, 74, 'Marcos Paz')
INSERT INTO localidad (idprovincia, idlocalidad, descripcion) VALUES (2, 75, 'Médanos')
INSERT INTO localidad (idprovincia, idlocalidad, descripcion) VALUES (2, 76, 'Mercedes')
INSERT INTO localidad (idprovincia, idlocalidad, descripcion) VALUES (2, 77, 'Merlo')
INSERT INTO localidad (idprovincia, idlocalidad, descripcion) VALUES (2, 78, 'Miramar')
INSERT INTO localidad (idprovincia, idlocalidad, descripcion) VALUES (2, 79, 'Monte Hermoso')
INSERT INTO localidad (idprovincia, idlocalidad, descripcion) VALUES (2, 80, 'Morón')
INSERT INTO localidad (idprovincia, idlocalidad, descripcion) VALUES (2, 81, 'Navarro')
INSERT INTO localidad (idprovincia, idlocalidad, descripcion) VALUES (2, 82, 'Necochea')
INSERT INTO localidad (idprovincia, idlocalidad, descripcion) VALUES (2, 83, 'Nueve de Julio')
INSERT INTO localidad (idprovincia, idlocalidad, descripcion) VALUES (2, 84, 'Olavarría')
INSERT INTO localidad (idprovincia, idlocalidad, descripcion) VALUES (2, 85, 'Olivos')
INSERT INTO localidad (idprovincia, idlocalidad, descripcion) VALUES (2, 86, 'Pehuajó')
INSERT INTO localidad (idprovincia, idlocalidad, descripcion) VALUES (2, 87, 'Pellegrini')
INSERT INTO localidad (idprovincia, idlocalidad, descripcion) VALUES (2, 88, 'Pergamino')
INSERT INTO localidad (idprovincia, idlocalidad, descripcion) VALUES (2, 89, 'Pigüé')
INSERT INTO localidad (idprovincia, idlocalidad, descripcion) VALUES (2, 90, 'Pila')
INSERT INTO localidad (idprovincia, idlocalidad, descripcion) VALUES (2, 91, 'Pilar')
INSERT INTO localidad (idprovincia, idlocalidad, descripcion) VALUES (2, 92, 'Pinamar')
INSERT INTO localidad (idprovincia, idlocalidad, descripcion) VALUES (2, 93, 'Pontevedra')
INSERT INTO localidad (idprovincia, idlocalidad, descripcion) VALUES (2, 94, 'Puan')
INSERT INTO localidad (idprovincia, idlocalidad, descripcion) VALUES (2, 95, 'Punta Alta')
INSERT INTO localidad (idprovincia, idlocalidad, descripcion) VALUES (2, 96, 'Quilmes')
INSERT INTO localidad (idprovincia, idlocalidad, descripcion) VALUES (2, 97, 'Ramallo')
INSERT INTO localidad (idprovincia, idlocalidad, descripcion) VALUES (2, 98, 'Ranchos')
INSERT INTO localidad (idprovincia, idlocalidad, descripcion) VALUES (2, 99, 'Rauch')
INSERT INTO localidad (idprovincia, idlocalidad, descripcion) VALUES (2, 100, 'Rojas')
INSERT INTO localidad (idprovincia, idlocalidad, descripcion) VALUES (2, 101, 'Roque Pérez')
INSERT INTO localidad (idprovincia, idlocalidad, descripcion) VALUES (2, 102, 'Saladillo')
INSERT INTO localidad (idprovincia, idlocalidad, descripcion) VALUES (2, 103, 'Salliqueló')
INSERT INTO localidad (idprovincia, idlocalidad, descripcion) VALUES (2, 104, 'Salto')
INSERT INTO localidad (idprovincia, idlocalidad, descripcion) VALUES (2, 105, 'San Andrés de Giles')
INSERT INTO localidad (idprovincia, idlocalidad, descripcion) VALUES (2, 106, 'San Antonio de Areco')
INSERT INTO localidad (idprovincia, idlocalidad, descripcion) VALUES (2, 107, 'San Carlos de Bolívar')
INSERT INTO localidad (idprovincia, idlocalidad, descripcion) VALUES (2, 108, 'San Cayetano')
INSERT INTO localidad (idprovincia, idlocalidad, descripcion) VALUES (2, 109, 'San Clemente del Tuyú')
INSERT INTO localidad (idprovincia, idlocalidad, descripcion) VALUES (2, 110, 'San Isidro')
INSERT INTO localidad (idprovincia, idlocalidad, descripcion) VALUES (2, 111, 'San Justo')
INSERT INTO localidad (idprovincia, idlocalidad, descripcion) VALUES (2, 112, 'San Miguel del Monte')
INSERT INTO localidad (idprovincia, idlocalidad, descripcion) VALUES (2, 113, 'San Nicolás de los Arroyos')
INSERT INTO localidad (idprovincia, idlocalidad, descripcion) VALUES (2, 114, 'San Pedro')
INSERT INTO localidad (idprovincia, idlocalidad, descripcion) VALUES (2, 115, 'San Vicente')
INSERT INTO localidad (idprovincia, idlocalidad, descripcion) VALUES (2, 116, 'Santa Catalina - Dique Lujan')
INSERT INTO localidad (idprovincia, idlocalidad, descripcion) VALUES (2, 117, 'Suipacha')
INSERT INTO localidad (idprovincia, idlocalidad, descripcion) VALUES (2, 118, 'Tandil')
INSERT INTO localidad (idprovincia, idlocalidad, descripcion) VALUES (2, 119, 'Tapalqué')
INSERT INTO localidad (idprovincia, idlocalidad, descripcion) VALUES (2, 120, 'Tigre')
INSERT INTO localidad (idprovincia, idlocalidad, descripcion) VALUES (2, 121, 'Tornquist')
INSERT INTO localidad (idprovincia, idlocalidad, descripcion) VALUES (2, 122, 'Trenque Lauquen')
INSERT INTO localidad (idprovincia, idlocalidad, descripcion) VALUES (2, 123, 'Tres Arroyos')
INSERT INTO localidad (idprovincia, idlocalidad, descripcion) VALUES (2, 124, 'Tres Lomas')
INSERT INTO localidad (idprovincia, idlocalidad, descripcion) VALUES (2, 125, 'Vedia')
INSERT INTO localidad (idprovincia, idlocalidad, descripcion) VALUES (2, 126, 'Veinticinco de Mayo')
INSERT INTO localidad (idprovincia, idlocalidad, descripcion) VALUES (2, 127, 'Verónica')
INSERT INTO localidad (idprovincia, idlocalidad, descripcion) VALUES (2, 128, 'Villa Gesell')
INSERT INTO localidad (idprovincia, idlocalidad, descripcion) VALUES (2, 129, 'Zárate')
INSERT INTO localidad (idprovincia, idlocalidad, descripcion) VALUES (3, 1, 'Ancasti')
INSERT INTO localidad (idprovincia, idlocalidad, descripcion) VALUES (3, 2, 'Andalgalá')
INSERT INTO localidad (idprovincia, idlocalidad, descripcion) VALUES (3, 3, 'Antofagasta de la Sierra')
INSERT INTO localidad (idprovincia, idlocalidad, descripcion) VALUES (3, 4, 'Bañado de Ovanta')
INSERT INTO localidad (idprovincia, idlocalidad, descripcion) VALUES (3, 5, 'Belén')
INSERT INTO localidad (idprovincia, idlocalidad, descripcion) VALUES (3, 6, 'Capayán')
INSERT INTO localidad (idprovincia, idlocalidad, descripcion) VALUES (3, 7, 'Chumbicha')
INSERT INTO localidad (idprovincia, idlocalidad, descripcion) VALUES (3, 8, 'El Alto')
INSERT INTO localidad (idprovincia, idlocalidad, descripcion) VALUES (3, 9, 'El Rodeo')
INSERT INTO localidad (idprovincia, idlocalidad, descripcion) VALUES (3, 10, 'Esquiú')
INSERT INTO localidad (idprovincia, idlocalidad, descripcion) VALUES (3, 11, 'Fiambalá')
INSERT INTO localidad (idprovincia, idlocalidad, descripcion) VALUES (3, 12, 'Hualfín')
INSERT INTO localidad (idprovincia, idlocalidad, descripcion) VALUES (3, 13, 'Huillapima')
INSERT INTO localidad (idprovincia, idlocalidad, descripcion) VALUES (3, 14, 'Icaño')
INSERT INTO localidad (idprovincia, idlocalidad, descripcion) VALUES (3, 15, 'La Merced')
INSERT INTO localidad (idprovincia, idlocalidad, descripcion) VALUES (3, 16, 'La Puerta')
INSERT INTO localidad (idprovincia, idlocalidad, descripcion) VALUES (3, 17, 'La Puerta de San José')
INSERT INTO localidad (idprovincia, idlocalidad, descripcion) VALUES (3, 18, 'Londres')
INSERT INTO localidad (idprovincia, idlocalidad, descripcion) VALUES (3, 19, 'Los Altos')
INSERT INTO localidad (idprovincia, idlocalidad, descripcion) VALUES (3, 20, 'Los Varela')
INSERT INTO localidad (idprovincia, idlocalidad, descripcion) VALUES (3, 21, 'Mutquín')
INSERT INTO localidad (idprovincia, idlocalidad, descripcion) VALUES (3, 22, 'Pomán')
INSERT INTO localidad (idprovincia, idlocalidad, descripcion) VALUES (3, 23, 'Puerta de Corral Quemado')
INSERT INTO localidad (idprovincia, idlocalidad, descripcion) VALUES (3, 24, 'Recreo')
INSERT INTO localidad (idprovincia, idlocalidad, descripcion) VALUES (3, 25, 'San Antonio')
INSERT INTO localidad (idprovincia, idlocalidad, descripcion) VALUES (3, 26, 'San Antonio')
INSERT INTO localidad (idprovincia, idlocalidad, descripcion) VALUES (3, 27, 'San Fernando del Valle de Catamarca')
INSERT INTO localidad (idprovincia, idlocalidad, descripcion) VALUES (3, 28, 'San Isidro')
INSERT INTO localidad (idprovincia, idlocalidad, descripcion) VALUES (3, 29, 'San José')
INSERT INTO localidad (idprovincia, idlocalidad, descripcion) VALUES (3, 30, 'Santa María')
INSERT INTO localidad (idprovincia, idlocalidad, descripcion) VALUES (3, 31, 'Saujil')
INSERT INTO localidad (idprovincia, idlocalidad, descripcion) VALUES (3, 32, 'Tinogasta')
INSERT INTO localidad (idprovincia, idlocalidad, descripcion) VALUES (4, 1, 'Aviá Terai')
INSERT INTO localidad (idprovincia, idlocalidad, descripcion) VALUES (4, 2, 'Barranqueras')
INSERT INTO localidad (idprovincia, idlocalidad, descripcion) VALUES (4, 3, 'Basail')
INSERT INTO localidad (idprovincia, idlocalidad, descripcion) VALUES (4, 4, 'Campo Largo')
INSERT INTO localidad (idprovincia, idlocalidad, descripcion) VALUES (4, 5, 'Capitán Solari')
INSERT INTO localidad (idprovincia, idlocalidad, descripcion) VALUES (4, 6, 'Castelli')
INSERT INTO localidad (idprovincia, idlocalidad, descripcion) VALUES (4, 7, 'Charadai')
INSERT INTO localidad (idprovincia, idlocalidad, descripcion) VALUES (4, 8, 'Charata')
INSERT INTO localidad (idprovincia, idlocalidad, descripcion) VALUES (4, 9, 'Chorotis')
INSERT INTO localidad (idprovincia, idlocalidad, descripcion) VALUES (4, 10, 'Ciervo Petiso')
INSERT INTO localidad (idprovincia, idlocalidad, descripcion) VALUES (4, 11, 'Colonia Benítez')
INSERT INTO localidad (idprovincia, idlocalidad, descripcion) VALUES (4, 12, 'Colonia Elisa')
INSERT INTO localidad (idprovincia, idlocalidad, descripcion) VALUES (4, 13, 'Colonias Unidas')
INSERT INTO localidad (idprovincia, idlocalidad, descripcion) VALUES (4, 14, 'Concepción del Bermejo')
INSERT INTO localidad (idprovincia, idlocalidad, descripcion) VALUES (4, 15, 'Coronel Du Graty')
INSERT INTO localidad (idprovincia, idlocalidad, descripcion) VALUES (4, 16, 'Corzuela')
INSERT INTO localidad (idprovincia, idlocalidad, descripcion) VALUES (4, 17, 'Coté-Lai')
INSERT INTO localidad (idprovincia, idlocalidad, descripcion) VALUES (4, 18, 'Fontana')
INSERT INTO localidad (idprovincia, idlocalidad, descripcion) VALUES (4, 19, 'Gancedo')
INSERT INTO localidad (idprovincia, idlocalidad, descripcion) VALUES (4, 20, 'General José de San Martín')
INSERT INTO localidad (idprovincia, idlocalidad, descripcion) VALUES (4, 21, 'General Pinedo')
INSERT INTO localidad (idprovincia, idlocalidad, descripcion) VALUES (4, 22, 'General Vedia')
INSERT INTO localidad (idprovincia, idlocalidad, descripcion) VALUES (4, 23, 'Hermoso Campo')
INSERT INTO localidad (idprovincia, idlocalidad, descripcion) VALUES (4, 24, 'La Clotilde')
INSERT INTO localidad (idprovincia, idlocalidad, descripcion) VALUES (4, 25, 'La Eduvigis')
INSERT INTO localidad (idprovincia, idlocalidad, descripcion) VALUES (4, 26, 'La Escondida')
INSERT INTO localidad (idprovincia, idlocalidad, descripcion) VALUES (4, 27, 'La Leonesa')
INSERT INTO localidad (idprovincia, idlocalidad, descripcion) VALUES (4, 28, 'La Tigra')
INSERT INTO localidad (idprovincia, idlocalidad, descripcion) VALUES (4, 29, 'La Verde')
INSERT INTO localidad (idprovincia, idlocalidad, descripcion) VALUES (4, 30, 'Laguna Limpia')
INSERT INTO localidad (idprovincia, idlocalidad, descripcion) VALUES (4, 31, 'Lapachito')
INSERT INTO localidad (idprovincia, idlocalidad, descripcion) VALUES (4, 32, 'Las Breñas')
INSERT INTO localidad (idprovincia, idlocalidad, descripcion) VALUES (4, 33, 'Las Garcitas')
INSERT INTO localidad (idprovincia, idlocalidad, descripcion) VALUES (4, 34, 'Los Frentones')
INSERT INTO localidad (idprovincia, idlocalidad, descripcion) VALUES (4, 35, 'Machagai')
INSERT INTO localidad (idprovincia, idlocalidad, descripcion) VALUES (4, 36, 'Makallé')
INSERT INTO localidad (idprovincia, idlocalidad, descripcion) VALUES (4, 37, 'Margarita Belén')
INSERT INTO localidad (idprovincia, idlocalidad, descripcion) VALUES (4, 38, 'Napenay')
INSERT INTO localidad (idprovincia, idlocalidad, descripcion) VALUES (4, 39, 'Pampa Almirón')
INSERT INTO localidad (idprovincia, idlocalidad, descripcion) VALUES (4, 40, 'Pampa del Indio')
INSERT INTO localidad (idprovincia, idlocalidad, descripcion) VALUES (4, 41, 'Pampa del Infierno')
INSERT INTO localidad (idprovincia, idlocalidad, descripcion) VALUES (4, 42, 'Presidencia de la Plaza')
INSERT INTO localidad (idprovincia, idlocalidad, descripcion) VALUES (4, 43, 'Presidencia Roca')
INSERT INTO localidad (idprovincia, idlocalidad, descripcion) VALUES (4, 44, 'Presidencia Roque Sáenz Peña')
INSERT INTO localidad (idprovincia, idlocalidad, descripcion) VALUES (4, 45, 'Puerto Bermejo')
INSERT INTO localidad (idprovincia, idlocalidad, descripcion) VALUES (4, 46, 'Puerto Tirol')
INSERT INTO localidad (idprovincia, idlocalidad, descripcion) VALUES (4, 47, 'Puerto Vilelas')
INSERT INTO localidad (idprovincia, idlocalidad, descripcion) VALUES (4, 48, 'Quitilipi')
INSERT INTO localidad (idprovincia, idlocalidad, descripcion) VALUES (4, 49, 'Resistencia')
INSERT INTO localidad (idprovincia, idlocalidad, descripcion) VALUES (4, 50, 'Samuhú')
INSERT INTO localidad (idprovincia, idlocalidad, descripcion) VALUES (4, 51, 'San Bernardo')
INSERT INTO localidad (idprovincia, idlocalidad, descripcion) VALUES (4, 52, 'Santa Sylvina')
INSERT INTO localidad (idprovincia, idlocalidad, descripcion) VALUES (4, 53, 'Taco Pozo')
INSERT INTO localidad (idprovincia, idlocalidad, descripcion) VALUES (4, 54, 'Tres Isletas')
INSERT INTO localidad (idprovincia, idlocalidad, descripcion) VALUES (4, 55, 'Villa Ángela')
INSERT INTO localidad (idprovincia, idlocalidad, descripcion) VALUES (4, 56, 'Villa Berthet')
INSERT INTO localidad (idprovincia, idlocalidad, descripcion) VALUES (5, 1, 'Alto Río Senguer')
INSERT INTO localidad (idprovincia, idlocalidad, descripcion) VALUES (5, 2, 'Camarones')
INSERT INTO localidad (idprovincia, idlocalidad, descripcion) VALUES (5, 3, 'Comodoro Rivadavia')
INSERT INTO localidad (idprovincia, idlocalidad, descripcion) VALUES (5, 4, 'Dolavón')
INSERT INTO localidad (idprovincia, idlocalidad, descripcion) VALUES (5, 5, 'El Maitén')
INSERT INTO localidad (idprovincia, idlocalidad, descripcion) VALUES (5, 6, 'Esquel')
INSERT INTO localidad (idprovincia, idlocalidad, descripcion) VALUES (5, 7, 'Gaimán')
INSERT INTO localidad (idprovincia, idlocalidad, descripcion) VALUES (5, 8, 'Gastre')
INSERT INTO localidad (idprovincia, idlocalidad, descripcion) VALUES (5, 9, 'Gobernador Costa')
INSERT INTO localidad (idprovincia, idlocalidad, descripcion) VALUES (5, 10, 'Hoyo de Epuyén')
INSERT INTO localidad (idprovincia, idlocalidad, descripcion) VALUES (5, 11, 'José de San Martín')
INSERT INTO localidad (idprovincia, idlocalidad, descripcion) VALUES (5, 12, 'Lago Puelo')
INSERT INTO localidad (idprovincia, idlocalidad, descripcion) VALUES (5, 13, 'Las Plumas')
INSERT INTO localidad (idprovincia, idlocalidad, descripcion) VALUES (5, 14, 'Leleque')
INSERT INTO localidad (idprovincia, idlocalidad, descripcion) VALUES (5, 15, 'Paso de Indios')
INSERT INTO localidad (idprovincia, idlocalidad, descripcion) VALUES (5, 16, 'Puerto Madryn')
INSERT INTO localidad (idprovincia, idlocalidad, descripcion) VALUES (5, 17, 'Rada Tilly')
INSERT INTO localidad (idprovincia, idlocalidad, descripcion) VALUES (5, 18, 'Rawson')
INSERT INTO localidad (idprovincia, idlocalidad, descripcion) VALUES (5, 19, 'Río Mayo')
INSERT INTO localidad (idprovincia, idlocalidad, descripcion) VALUES (5, 20, 'Río Pico')
INSERT INTO localidad (idprovincia, idlocalidad, descripcion) VALUES (5, 21, 'Sarmiento')
INSERT INTO localidad (idprovincia, idlocalidad, descripcion) VALUES (5, 22, 'Tecka')
INSERT INTO localidad (idprovincia, idlocalidad, descripcion) VALUES (5, 23, 'Telsen')
INSERT INTO localidad (idprovincia, idlocalidad, descripcion) VALUES (5, 24, 'Trelew')
INSERT INTO localidad (idprovincia, idlocalidad, descripcion) VALUES (5, 25, 'Trevelin')
INSERT INTO localidad (idprovincia, idlocalidad, descripcion) VALUES (6, 1, 'Achiras')
INSERT INTO localidad (idprovincia, idlocalidad, descripcion) VALUES (6, 2, 'Adelia María')
INSERT INTO localidad (idprovincia, idlocalidad, descripcion) VALUES (6, 3, 'Agua de Oro')
INSERT INTO localidad (idprovincia, idlocalidad, descripcion) VALUES (6, 4, 'Alejandro Roca')
INSERT INTO localidad (idprovincia, idlocalidad, descripcion) VALUES (6, 5, 'Alejo Ledesma')
INSERT INTO localidad (idprovincia, idlocalidad, descripcion) VALUES (6, 6, 'Almafuerte')
INSERT INTO localidad (idprovincia, idlocalidad, descripcion) VALUES (6, 7, 'Alta Gracia')
INSERT INTO localidad (idprovincia, idlocalidad, descripcion) VALUES (6, 8, 'Altos de Chipión')
INSERT INTO localidad (idprovincia, idlocalidad, descripcion) VALUES (6, 9, 'Arias')
INSERT INTO localidad (idprovincia, idlocalidad, descripcion) VALUES (6, 10, 'Arroyito')
INSERT INTO localidad (idprovincia, idlocalidad, descripcion) VALUES (6, 11, 'Arroyo Cabral')
INSERT INTO localidad (idprovincia, idlocalidad, descripcion) VALUES (6, 12, 'Balnearia')
INSERT INTO localidad (idprovincia, idlocalidad, descripcion) VALUES (6, 13, 'Bell Ville')
INSERT INTO localidad (idprovincia, idlocalidad, descripcion) VALUES (6, 14, 'Berrotarán')
INSERT INTO localidad (idprovincia, idlocalidad, descripcion) VALUES (6, 15, 'Brinkmann')
INSERT INTO localidad (idprovincia, idlocalidad, descripcion) VALUES (6, 16, 'Buchardo')
INSERT INTO localidad (idprovincia, idlocalidad, descripcion) VALUES (6, 17, 'Camilo Aldao')
INSERT INTO localidad (idprovincia, idlocalidad, descripcion) VALUES (6, 18, 'Canals')
INSERT INTO localidad (idprovincia, idlocalidad, descripcion) VALUES (6, 19, 'Cañada de Luque')
INSERT INTO localidad (idprovincia, idlocalidad, descripcion) VALUES (6, 20, 'Capilla del Monte')
INSERT INTO localidad (idprovincia, idlocalidad, descripcion) VALUES (6, 21, 'Carnerillo')
INSERT INTO localidad (idprovincia, idlocalidad, descripcion) VALUES (6, 22, 'Carrilobo')
INSERT INTO localidad (idprovincia, idlocalidad, descripcion) VALUES (6, 23, 'Cavanagh')
INSERT INTO localidad (idprovincia, idlocalidad, descripcion) VALUES (6, 24, 'Charras')
INSERT INTO localidad (idprovincia, idlocalidad, descripcion) VALUES (6, 25, 'Chazón')
INSERT INTO localidad (idprovincia, idlocalidad, descripcion) VALUES (6, 26, 'Cintra')
INSERT INTO localidad (idprovincia, idlocalidad, descripcion) VALUES (6, 27, 'Colonia La Tordilla')
INSERT INTO localidad (idprovincia, idlocalidad, descripcion) VALUES (6, 28, 'Colonia San Bartolomé')
INSERT INTO localidad (idprovincia, idlocalidad, descripcion) VALUES (6, 29, 'Córdoba')
INSERT INTO localidad (idprovincia, idlocalidad, descripcion) VALUES (6, 30, 'Coronel Baigorria')
INSERT INTO localidad (idprovincia, idlocalidad, descripcion) VALUES (6, 31, 'Coronel Moldes')
INSERT INTO localidad (idprovincia, idlocalidad, descripcion) VALUES (6, 32, 'Corral de Bustos')
INSERT INTO localidad (idprovincia, idlocalidad, descripcion) VALUES (6, 33, 'Corralito')
INSERT INTO localidad (idprovincia, idlocalidad, descripcion) VALUES (6, 34, 'Cosquín')
INSERT INTO localidad (idprovincia, idlocalidad, descripcion) VALUES (6, 35, 'Costa Sacate')
INSERT INTO localidad (idprovincia, idlocalidad, descripcion) VALUES (6, 36, 'Cruz Alta')
INSERT INTO localidad (idprovincia, idlocalidad, descripcion) VALUES (6, 37, 'Cruz del Eje')
INSERT INTO localidad (idprovincia, idlocalidad, descripcion) VALUES (6, 38, 'Cuesta Blanca')
INSERT INTO localidad (idprovincia, idlocalidad, descripcion) VALUES (6, 39, 'Dalmacio Vélez Sársfield')
INSERT INTO localidad (idprovincia, idlocalidad, descripcion) VALUES (6, 40, 'Deán Funes')
INSERT INTO localidad (idprovincia, idlocalidad, descripcion) VALUES (6, 41, 'Del Campillo')
INSERT INTO localidad (idprovincia, idlocalidad, descripcion) VALUES (6, 42, 'Despeñaderos')
INSERT INTO localidad (idprovincia, idlocalidad, descripcion) VALUES (6, 43, 'Devoto')
INSERT INTO localidad (idprovincia, idlocalidad, descripcion) VALUES (6, 44, 'Dolores')
INSERT INTO localidad (idprovincia, idlocalidad, descripcion) VALUES (6, 45, 'El Arañado')
INSERT INTO localidad (idprovincia, idlocalidad, descripcion) VALUES (6, 46, 'El Tío')
INSERT INTO localidad (idprovincia, idlocalidad, descripcion) VALUES (6, 47, 'Elena')
INSERT INTO localidad (idprovincia, idlocalidad, descripcion) VALUES (6, 48, 'Embalse')
INSERT INTO localidad (idprovincia, idlocalidad, descripcion) VALUES (6, 49, 'Etruria')
INSERT INTO localidad (idprovincia, idlocalidad, descripcion) VALUES (6, 50, 'General Baldissera')
INSERT INTO localidad (idprovincia, idlocalidad, descripcion) VALUES (6, 51, 'General Cabrera')
INSERT INTO localidad (idprovincia, idlocalidad, descripcion) VALUES (6, 52, 'General Levalle')
INSERT INTO localidad (idprovincia, idlocalidad, descripcion) VALUES (6, 53, 'General Roca')
INSERT INTO localidad (idprovincia, idlocalidad, descripcion) VALUES (6, 54, 'Guatimozín')
INSERT INTO localidad (idprovincia, idlocalidad, descripcion) VALUES (6, 55, 'Hernando')
INSERT INTO localidad (idprovincia, idlocalidad, descripcion) VALUES (6, 56, 'Huanchillas')
INSERT INTO localidad (idprovincia, idlocalidad, descripcion) VALUES (6, 57, 'Huerta Grande')
INSERT INTO localidad (idprovincia, idlocalidad, descripcion) VALUES (6, 58, 'Huinca Renancó')
INSERT INTO localidad (idprovincia, idlocalidad, descripcion) VALUES (6, 59, 'Idiazábal')
INSERT INTO localidad (idprovincia, idlocalidad, descripcion) VALUES (6, 60, 'Inriville')
INSERT INTO localidad (idprovincia, idlocalidad, descripcion) VALUES (6, 61, 'Isla Verde')
INSERT INTO localidad (idprovincia, idlocalidad, descripcion) VALUES (6, 62, 'Italó')
INSERT INTO localidad (idprovincia, idlocalidad, descripcion) VALUES (6, 63, 'James Craik')
INSERT INTO localidad (idprovincia, idlocalidad, descripcion) VALUES (6, 64, 'Jesús María')
INSERT INTO localidad (idprovincia, idlocalidad, descripcion) VALUES (6, 65, 'Justiniano Posse')
INSERT INTO localidad (idprovincia, idlocalidad, descripcion) VALUES (6, 66, 'La Calera')
INSERT INTO localidad (idprovincia, idlocalidad, descripcion) VALUES (6, 67, 'La Carlota')
INSERT INTO localidad (idprovincia, idlocalidad, descripcion) VALUES (6, 68, 'La Cesira')
INSERT INTO localidad (idprovincia, idlocalidad, descripcion) VALUES (6, 69, 'La Cumbre')
INSERT INTO localidad (idprovincia, idlocalidad, descripcion) VALUES (6, 70, 'La Falda')
INSERT INTO localidad (idprovincia, idlocalidad, descripcion) VALUES (6, 71, 'La Francia')
INSERT INTO localidad (idprovincia, idlocalidad, descripcion) VALUES (6, 72, 'La Granja')
INSERT INTO localidad (idprovincia, idlocalidad, descripcion) VALUES (6, 73, 'La Para')
INSERT INTO localidad (idprovincia, idlocalidad, descripcion) VALUES (6, 74, 'La Playosa')
INSERT INTO localidad (idprovincia, idlocalidad, descripcion) VALUES (6, 75, 'Laborde')
INSERT INTO localidad (idprovincia, idlocalidad, descripcion) VALUES (6, 76, 'Laboulaye')
INSERT INTO localidad (idprovincia, idlocalidad, descripcion) VALUES (6, 77, 'Laguna Larga')
INSERT INTO localidad (idprovincia, idlocalidad, descripcion) VALUES (6, 78, 'Las Acequias')
INSERT INTO localidad (idprovincia, idlocalidad, descripcion) VALUES (6, 79, 'Las Higueras')
INSERT INTO localidad (idprovincia, idlocalidad, descripcion) VALUES (6, 80, 'Las Junturas')
INSERT INTO localidad (idprovincia, idlocalidad, descripcion) VALUES (6, 81, 'Las Perdices')
INSERT INTO localidad (idprovincia, idlocalidad, descripcion) VALUES (6, 82, 'Las Varas')
INSERT INTO localidad (idprovincia, idlocalidad, descripcion) VALUES (6, 83, 'Las Varillas')
INSERT INTO localidad (idprovincia, idlocalidad, descripcion) VALUES (6, 84, 'Leones')
INSERT INTO localidad (idprovincia, idlocalidad, descripcion) VALUES (6, 85, 'Los Cóndores')
INSERT INTO localidad (idprovincia, idlocalidad, descripcion) VALUES (6, 86, 'Los Surgentes')
INSERT INTO localidad (idprovincia, idlocalidad, descripcion) VALUES (6, 87, 'Malagueño')
INSERT INTO localidad (idprovincia, idlocalidad, descripcion) VALUES (6, 88, 'Malvinas Argentinas')
INSERT INTO localidad (idprovincia, idlocalidad, descripcion) VALUES (6, 89, 'Marcos Juárez')
INSERT INTO localidad (idprovincia, idlocalidad, descripcion) VALUES (6, 90, 'Marull')
INSERT INTO localidad (idprovincia, idlocalidad, descripcion) VALUES (6, 91, 'Mattaldi')
INSERT INTO localidad (idprovincia, idlocalidad, descripcion) VALUES (6, 92, 'Mendiolaza')
INSERT INTO localidad (idprovincia, idlocalidad, descripcion) VALUES (6, 93, 'Mina Clavero')
INSERT INTO localidad (idprovincia, idlocalidad, descripcion) VALUES (6, 94, 'Miramar')
INSERT INTO localidad (idprovincia, idlocalidad, descripcion) VALUES (6, 95, 'Monte Buey')
INSERT INTO localidad (idprovincia, idlocalidad, descripcion) VALUES (6, 96, 'Monte Cristo')
INSERT INTO localidad (idprovincia, idlocalidad, descripcion) VALUES (6, 97, 'Monte Maíz')
INSERT INTO localidad (idprovincia, idlocalidad, descripcion) VALUES (6, 98, 'Morrison')
INSERT INTO localidad (idprovincia, idlocalidad, descripcion) VALUES (6, 99, 'Morteros')
INSERT INTO localidad (idprovincia, idlocalidad, descripcion) VALUES (6, 100, 'Noetinger')
INSERT INTO localidad (idprovincia, idlocalidad, descripcion) VALUES (6, 101, 'Obispo Trejo')
INSERT INTO localidad (idprovincia, idlocalidad, descripcion) VALUES (6, 102, 'Oliva')
INSERT INTO localidad (idprovincia, idlocalidad, descripcion) VALUES (6, 103, 'Oncativo')
INSERT INTO localidad (idprovincia, idlocalidad, descripcion) VALUES (6, 104, 'Ordóñez')
INSERT INTO localidad (idprovincia, idlocalidad, descripcion) VALUES (6, 105, 'Pascanas')
INSERT INTO localidad (idprovincia, idlocalidad, descripcion) VALUES (6, 106, 'Pasco')
INSERT INTO localidad (idprovincia, idlocalidad, descripcion) VALUES (6, 107, 'Pilar')
INSERT INTO localidad (idprovincia, idlocalidad, descripcion) VALUES (6, 108, 'Piquillín')
INSERT INTO localidad (idprovincia, idlocalidad, descripcion) VALUES (6, 109, 'Porteña')
INSERT INTO localidad (idprovincia, idlocalidad, descripcion) VALUES (6, 110, 'Pozo del Molle')
INSERT INTO localidad (idprovincia, idlocalidad, descripcion) VALUES (6, 111, 'Quilino')
INSERT INTO localidad (idprovincia, idlocalidad, descripcion) VALUES (6, 112, 'Río Ceballos')
INSERT INTO localidad (idprovincia, idlocalidad, descripcion) VALUES (6, 113, 'Río Cuarto')
INSERT INTO localidad (idprovincia, idlocalidad, descripcion) VALUES (6, 114, 'Río Segundo')
INSERT INTO localidad (idprovincia, idlocalidad, descripcion) VALUES (6, 115, 'Río Tercero')
INSERT INTO localidad (idprovincia, idlocalidad, descripcion) VALUES (6, 116, 'Sacanta')
INSERT INTO localidad (idprovincia, idlocalidad, descripcion) VALUES (6, 117, 'Saldán')
INSERT INTO localidad (idprovincia, idlocalidad, descripcion) VALUES (6, 118, 'Salsacate')
INSERT INTO localidad (idprovincia, idlocalidad, descripcion) VALUES (6, 119, 'Salsipuedes')
INSERT INTO localidad (idprovincia, idlocalidad, descripcion) VALUES (6, 120, 'Sampacho')
INSERT INTO localidad (idprovincia, idlocalidad, descripcion) VALUES (6, 121, 'San Agustín')
INSERT INTO localidad (idprovincia, idlocalidad, descripcion) VALUES (6, 122, 'San Antonio de Litín')
INSERT INTO localidad (idprovincia, idlocalidad, descripcion) VALUES (6, 123, 'San Basilio')
INSERT INTO localidad (idprovincia, idlocalidad, descripcion) VALUES (6, 124, 'San Carlos')
INSERT INTO localidad (idprovincia, idlocalidad, descripcion) VALUES (6, 125, 'San Francisco')
INSERT INTO localidad (idprovincia, idlocalidad, descripcion) VALUES (6, 126, 'San Francisco del Chañar')
INSERT INTO localidad (idprovincia, idlocalidad, descripcion) VALUES (6, 127, 'San José de la Dormida')
INSERT INTO localidad (idprovincia, idlocalidad, descripcion) VALUES (6, 128, 'Santa Eufemia')
INSERT INTO localidad (idprovincia, idlocalidad, descripcion) VALUES (6, 129, 'Santa Magdalena')
INSERT INTO localidad (idprovincia, idlocalidad, descripcion) VALUES (6, 130, 'Santa Rosa de Calamuchita')
INSERT INTO localidad (idprovincia, idlocalidad, descripcion) VALUES (6, 131, 'Santa Rosa de Río Primero')
INSERT INTO localidad (idprovincia, idlocalidad, descripcion) VALUES (6, 132, 'Santiago Temple')
INSERT INTO localidad (idprovincia, idlocalidad, descripcion) VALUES (6, 133, 'Saturnino M. Laspiur')
INSERT INTO localidad (idprovincia, idlocalidad, descripcion) VALUES (6, 134, 'Sebastián Elcano')
INSERT INTO localidad (idprovincia, idlocalidad, descripcion) VALUES (6, 135, 'Serrano')
INSERT INTO localidad (idprovincia, idlocalidad, descripcion) VALUES (6, 136, 'Serrezuela')
INSERT INTO localidad (idprovincia, idlocalidad, descripcion) VALUES (6, 137, 'Tancacha')
INSERT INTO localidad (idprovincia, idlocalidad, descripcion) VALUES (6, 138, 'Ticino')
INSERT INTO localidad (idprovincia, idlocalidad, descripcion) VALUES (6, 139, 'Tío Pujio')
INSERT INTO localidad (idprovincia, idlocalidad, descripcion) VALUES (6, 140, 'Toledo')
INSERT INTO localidad (idprovincia, idlocalidad, descripcion) VALUES (6, 141, 'Ucacha')
INSERT INTO localidad (idprovincia, idlocalidad, descripcion) VALUES (6, 142, 'Unquillo')
INSERT INTO localidad (idprovincia, idlocalidad, descripcion) VALUES (6, 143, 'Valle Hermoso')
INSERT INTO localidad (idprovincia, idlocalidad, descripcion) VALUES (6, 144, 'Viamonte')
INSERT INTO localidad (idprovincia, idlocalidad, descripcion) VALUES (6, 145, 'Vicuña Mackenna')
INSERT INTO localidad (idprovincia, idlocalidad, descripcion) VALUES (6, 146, 'Villa Allende')
INSERT INTO localidad (idprovincia, idlocalidad, descripcion) VALUES (6, 147, 'Villa Ascasubi')
INSERT INTO localidad (idprovincia, idlocalidad, descripcion) VALUES (6, 148, 'Villa Berna')
INSERT INTO localidad (idprovincia, idlocalidad, descripcion) VALUES (6, 149, 'Villa Carlos Paz')
INSERT INTO localidad (idprovincia, idlocalidad, descripcion) VALUES (6, 150, 'Villa Concepción del Tío')
INSERT INTO localidad (idprovincia, idlocalidad, descripcion) VALUES (6, 151, 'Villa Cura Brochero')
INSERT INTO localidad (idprovincia, idlocalidad, descripcion) VALUES (6, 152, 'Villa de María')
INSERT INTO localidad (idprovincia, idlocalidad, descripcion) VALUES (6, 153, 'Villa de Soto')
INSERT INTO localidad (idprovincia, idlocalidad, descripcion) VALUES (6, 154, 'Villa del Dique')
INSERT INTO localidad (idprovincia, idlocalidad, descripcion) VALUES (6, 155, 'Villa del Rosario')
INSERT INTO localidad (idprovincia, idlocalidad, descripcion) VALUES (6, 156, 'Villa del Totoral')
INSERT INTO localidad (idprovincia, idlocalidad, descripcion) VALUES (6, 157, 'Villa Dolores')
INSERT INTO localidad (idprovincia, idlocalidad, descripcion) VALUES (6, 158, 'Villa General Belgrano')
INSERT INTO localidad (idprovincia, idlocalidad, descripcion) VALUES (6, 159, 'Villa Giardino')
INSERT INTO localidad (idprovincia, idlocalidad, descripcion) VALUES (6, 160, 'Villa Huidobro')
INSERT INTO localidad (idprovincia, idlocalidad, descripcion) VALUES (6, 161, 'Villa Las Rosas')
INSERT INTO localidad (idprovincia, idlocalidad, descripcion) VALUES (6, 162, 'Villa María')
INSERT INTO localidad (idprovincia, idlocalidad, descripcion) VALUES (6, 163, 'Villa Nueva')
INSERT INTO localidad (idprovincia, idlocalidad, descripcion) VALUES (6, 164, 'Villa Reducción')
INSERT INTO localidad (idprovincia, idlocalidad, descripcion) VALUES (6, 165, 'Villa Rumipal')
INSERT INTO localidad (idprovincia, idlocalidad, descripcion) VALUES (6, 166, 'Villa Tulumba')
INSERT INTO localidad (idprovincia, idlocalidad, descripcion) VALUES (6, 167, 'Villa Valeria')
INSERT INTO localidad (idprovincia, idlocalidad, descripcion) VALUES (6, 168, 'Wenceslao Escalante')
INSERT INTO localidad (idprovincia, idlocalidad, descripcion) VALUES (7, 1, 'Alvear')
INSERT INTO localidad (idprovincia, idlocalidad, descripcion) VALUES (7, 2, 'Bella Vista')
INSERT INTO localidad (idprovincia, idlocalidad, descripcion) VALUES (7, 3, 'Berón de Astrada')
INSERT INTO localidad (idprovincia, idlocalidad, descripcion) VALUES (7, 4, 'Bonpland')
INSERT INTO localidad (idprovincia, idlocalidad, descripcion) VALUES (7, 5, 'Chavarría')
INSERT INTO localidad (idprovincia, idlocalidad, descripcion) VALUES (7, 6, 'Concepción')
INSERT INTO localidad (idprovincia, idlocalidad, descripcion) VALUES (7, 7, 'Corrientes')
INSERT INTO localidad (idprovincia, idlocalidad, descripcion) VALUES (7, 8, 'Cruz de los Milagros')
INSERT INTO localidad (idprovincia, idlocalidad, descripcion) VALUES (7, 9, 'Curuzú Cuatiá')
INSERT INTO localidad (idprovincia, idlocalidad, descripcion) VALUES (7, 10, 'Empedrado')
INSERT INTO localidad (idprovincia, idlocalidad, descripcion) VALUES (7, 11, 'Esquina')
INSERT INTO localidad (idprovincia, idlocalidad, descripcion) VALUES (7, 12, 'Felipe Yofré')
INSERT INTO localidad (idprovincia, idlocalidad, descripcion) VALUES (7, 13, 'Garruchos')
INSERT INTO localidad (idprovincia, idlocalidad, descripcion) VALUES (7, 14, 'Gobernador Ingeniero Valentín Virasoro')
INSERT INTO localidad (idprovincia, idlocalidad, descripcion) VALUES (7, 15, 'Gobernador Juan E. Martínez')
INSERT INTO localidad (idprovincia, idlocalidad, descripcion) VALUES (7, 16, 'Goya')
INSERT INTO localidad (idprovincia, idlocalidad, descripcion) VALUES (7, 17, 'Herlitzka')
INSERT INTO localidad (idprovincia, idlocalidad, descripcion) VALUES (7, 18, 'Itá Ibaté')
INSERT INTO localidad (idprovincia, idlocalidad, descripcion) VALUES (7, 19, 'Itatí')
INSERT INTO localidad (idprovincia, idlocalidad, descripcion) VALUES (7, 20, 'Ituzaingó')
INSERT INTO localidad (idprovincia, idlocalidad, descripcion) VALUES (7, 21, 'Juan Pujol')
INSERT INTO localidad (idprovincia, idlocalidad, descripcion) VALUES (7, 22, 'La Cruz')
INSERT INTO localidad (idprovincia, idlocalidad, descripcion) VALUES (7, 23, 'Libertad')
INSERT INTO localidad (idprovincia, idlocalidad, descripcion) VALUES (7, 24, 'Lomas de Vallejos')
INSERT INTO localidad (idprovincia, idlocalidad, descripcion) VALUES (7, 25, 'Loreto')
INSERT INTO localidad (idprovincia, idlocalidad, descripcion) VALUES (7, 26, 'Mariano I. Loza')
INSERT INTO localidad (idprovincia, idlocalidad, descripcion) VALUES (7, 27, 'Mburucuyá')
INSERT INTO localidad (idprovincia, idlocalidad, descripcion) VALUES (7, 28, 'Mercedes')
INSERT INTO localidad (idprovincia, idlocalidad, descripcion) VALUES (7, 29, 'Mocoretá')
INSERT INTO localidad (idprovincia, idlocalidad, descripcion) VALUES (7, 30, 'Monte Caseros')
INSERT INTO localidad (idprovincia, idlocalidad, descripcion) VALUES (7, 31, 'Nuestra Señora del Rosario de Caa Catí')
INSERT INTO localidad (idprovincia, idlocalidad, descripcion) VALUES (7, 32, 'Nueve de Julio')
INSERT INTO localidad (idprovincia, idlocalidad, descripcion) VALUES (7, 33, 'Palmar Grande')
INSERT INTO localidad (idprovincia, idlocalidad, descripcion) VALUES (7, 34, 'Paso de la Patria')
INSERT INTO localidad (idprovincia, idlocalidad, descripcion) VALUES (7, 35, 'Paso de los Libres')
INSERT INTO localidad (idprovincia, idlocalidad, descripcion) VALUES (7, 36, 'Pedro R. Fernández')
INSERT INTO localidad (idprovincia, idlocalidad, descripcion) VALUES (7, 37, 'Perugorría')
INSERT INTO localidad (idprovincia, idlocalidad, descripcion) VALUES (7, 38, 'Pueblo Libertador')
INSERT INTO localidad (idprovincia, idlocalidad, descripcion) VALUES (7, 39, 'Riachuelo')
INSERT INTO localidad (idprovincia, idlocalidad, descripcion) VALUES (7, 40, 'Saladas')
INSERT INTO localidad (idprovincia, idlocalidad, descripcion) VALUES (7, 41, 'San Carlos')
INSERT INTO localidad (idprovincia, idlocalidad, descripcion) VALUES (7, 42, 'San Cosme')
INSERT INTO localidad (idprovincia, idlocalidad, descripcion) VALUES (7, 43, 'San Lorenzo')
INSERT INTO localidad (idprovincia, idlocalidad, descripcion) VALUES (7, 44, 'San Luis del Palmar')
INSERT INTO localidad (idprovincia, idlocalidad, descripcion) VALUES (7, 45, 'San Miguel')
INSERT INTO localidad (idprovincia, idlocalidad, descripcion) VALUES (7, 46, 'San Roque')
INSERT INTO localidad (idprovincia, idlocalidad, descripcion) VALUES (7, 47, 'Santa Lucía')
INSERT INTO localidad (idprovincia, idlocalidad, descripcion) VALUES (7, 48, 'Santa Rosa')
INSERT INTO localidad (idprovincia, idlocalidad, descripcion) VALUES (7, 49, 'Santo Tomé')
INSERT INTO localidad (idprovincia, idlocalidad, descripcion) VALUES (7, 50, 'Sauce')
INSERT INTO localidad (idprovincia, idlocalidad, descripcion) VALUES (7, 51, 'Yapeyú')
INSERT INTO localidad (idprovincia, idlocalidad, descripcion) VALUES (7, 52, 'Yataity Calle')
INSERT INTO localidad (idprovincia, idlocalidad, descripcion) VALUES (8, 1, 'Aldea San Antonio')
INSERT INTO localidad (idprovincia, idlocalidad, descripcion) VALUES (8, 2, 'Aranguren')
INSERT INTO localidad (idprovincia, idlocalidad, descripcion) VALUES (8, 3, 'Bovril')
INSERT INTO localidad (idprovincia, idlocalidad, descripcion) VALUES (8, 4, 'Caseros')
INSERT INTO localidad (idprovincia, idlocalidad, descripcion) VALUES (8, 5, 'Ceibas')
INSERT INTO localidad (idprovincia, idlocalidad, descripcion) VALUES (8, 6, 'Chajarí')
INSERT INTO localidad (idprovincia, idlocalidad, descripcion) VALUES (8, 7, 'Colón')
INSERT INTO localidad (idprovincia, idlocalidad, descripcion) VALUES (8, 8, 'Colonia Elía')
INSERT INTO localidad (idprovincia, idlocalidad, descripcion) VALUES (8, 9, 'Concepción del Uruguay')
INSERT INTO localidad (idprovincia, idlocalidad, descripcion) VALUES (8, 10, 'Concordia')
INSERT INTO localidad (idprovincia, idlocalidad, descripcion) VALUES (8, 11, 'Conscripto Bernardi')
INSERT INTO localidad (idprovincia, idlocalidad, descripcion) VALUES (8, 12, 'Crespo')
INSERT INTO localidad (idprovincia, idlocalidad, descripcion) VALUES (8, 13, 'Diamante')
INSERT INTO localidad (idprovincia, idlocalidad, descripcion) VALUES (8, 14, 'Domínguez')
INSERT INTO localidad (idprovincia, idlocalidad, descripcion) VALUES (8, 15, 'Federación')
INSERT INTO localidad (idprovincia, idlocalidad, descripcion) VALUES (8, 16, 'Federal')
INSERT INTO localidad (idprovincia, idlocalidad, descripcion) VALUES (8, 17, 'General Campos')
INSERT INTO localidad (idprovincia, idlocalidad, descripcion) VALUES (8, 18, 'General Galarza')
INSERT INTO localidad (idprovincia, idlocalidad, descripcion) VALUES (8, 19, 'General Ramírez')
INSERT INTO localidad (idprovincia, idlocalidad, descripcion) VALUES (8, 20, 'Gobernador Mansilla')
INSERT INTO localidad (idprovincia, idlocalidad, descripcion) VALUES (8, 21, 'Gualeguay')
INSERT INTO localidad (idprovincia, idlocalidad, descripcion) VALUES (8, 22, 'Gualeguaychú')
INSERT INTO localidad (idprovincia, idlocalidad, descripcion) VALUES (8, 23, 'Hasenkamp')
INSERT INTO localidad (idprovincia, idlocalidad, descripcion) VALUES (8, 24, 'Hernández')
INSERT INTO localidad (idprovincia, idlocalidad, descripcion) VALUES (8, 25, 'Herrera')
INSERT INTO localidad (idprovincia, idlocalidad, descripcion) VALUES (8, 26, 'La Criolla')
INSERT INTO localidad (idprovincia, idlocalidad, descripcion) VALUES (8, 27, 'La Paz')
INSERT INTO localidad (idprovincia, idlocalidad, descripcion) VALUES (8, 28, 'Larroque')
INSERT INTO localidad (idprovincia, idlocalidad, descripcion) VALUES (8, 29, 'Los Charrúas')
INSERT INTO localidad (idprovincia, idlocalidad, descripcion) VALUES (8, 30, 'Los Conquistadores')
INSERT INTO localidad (idprovincia, idlocalidad, descripcion) VALUES (8, 31, 'Lucas González')
INSERT INTO localidad (idprovincia, idlocalidad, descripcion) VALUES (8, 32, 'Maciá')
INSERT INTO localidad (idprovincia, idlocalidad, descripcion) VALUES (8, 33, 'Nogoyá')
INSERT INTO localidad (idprovincia, idlocalidad, descripcion) VALUES (8, 34, 'Oro Verde')
INSERT INTO localidad (idprovincia, idlocalidad, descripcion) VALUES (8, 35, 'Paraná')
INSERT INTO localidad (idprovincia, idlocalidad, descripcion) VALUES (8, 36, 'Piedras Blancas')
INSERT INTO localidad (idprovincia, idlocalidad, descripcion) VALUES (8, 37, 'Pronunciamiento')
INSERT INTO localidad (idprovincia, idlocalidad, descripcion) VALUES (8, 38, 'Puerto Ibicuy')
INSERT INTO localidad (idprovincia, idlocalidad, descripcion) VALUES (8, 39, 'Puerto Yeruá')
INSERT INTO localidad (idprovincia, idlocalidad, descripcion) VALUES (8, 40, 'Rosario del Tala')
INSERT INTO localidad (idprovincia, idlocalidad, descripcion) VALUES (8, 41, 'San Benito')
INSERT INTO localidad (idprovincia, idlocalidad, descripcion) VALUES (8, 42, 'San Gustavo')
INSERT INTO localidad (idprovincia, idlocalidad, descripcion) VALUES (8, 43, 'San José de Feliciano')
INSERT INTO localidad (idprovincia, idlocalidad, descripcion) VALUES (8, 44, 'San Justo')
INSERT INTO localidad (idprovincia, idlocalidad, descripcion) VALUES (8, 45, 'San Salvador')
INSERT INTO localidad (idprovincia, idlocalidad, descripcion) VALUES (8, 46, 'Santa Ana')
INSERT INTO localidad (idprovincia, idlocalidad, descripcion) VALUES (8, 47, 'Santa Anita')
INSERT INTO localidad (idprovincia, idlocalidad, descripcion) VALUES (8, 48, 'Santa Elena')
INSERT INTO localidad (idprovincia, idlocalidad, descripcion) VALUES (8, 49, 'Sauce de Luna')
INSERT INTO localidad (idprovincia, idlocalidad, descripcion) VALUES (8, 50, 'Seguí')
INSERT INTO localidad (idprovincia, idlocalidad, descripcion) VALUES (8, 51, 'Tabossi')
INSERT INTO localidad (idprovincia, idlocalidad, descripcion) VALUES (8, 52, 'Ubajay')
INSERT INTO localidad (idprovincia, idlocalidad, descripcion) VALUES (8, 53, 'Urdinarrain')
INSERT INTO localidad (idprovincia, idlocalidad, descripcion) VALUES (8, 54, 'Viale')
INSERT INTO localidad (idprovincia, idlocalidad, descripcion) VALUES (8, 55, 'Victoria')
INSERT INTO localidad (idprovincia, idlocalidad, descripcion) VALUES (8, 56, 'Villa del Rosario')
INSERT INTO localidad (idprovincia, idlocalidad, descripcion) VALUES (8, 57, 'Villa Elisa')
INSERT INTO localidad (idprovincia, idlocalidad, descripcion) VALUES (8, 58, 'Villa Hernandarias')
INSERT INTO localidad (idprovincia, idlocalidad, descripcion) VALUES (8, 59, 'Villa Mantero')
INSERT INTO localidad (idprovincia, idlocalidad, descripcion) VALUES (8, 60, 'Villa María Grande')
INSERT INTO localidad (idprovincia, idlocalidad, descripcion) VALUES (8, 61, 'Villa Paranacito')
INSERT INTO localidad (idprovincia, idlocalidad, descripcion) VALUES (8, 62, 'Villa Urquiza')
INSERT INTO localidad (idprovincia, idlocalidad, descripcion) VALUES (8, 63, 'Villaguay')
INSERT INTO localidad (idprovincia, idlocalidad, descripcion) VALUES (9, 1, 'Clorinda')
INSERT INTO localidad (idprovincia, idlocalidad, descripcion) VALUES (9, 2, 'Comandante Fontana')
INSERT INTO localidad (idprovincia, idlocalidad, descripcion) VALUES (9, 3, 'El Colorado')
INSERT INTO localidad (idprovincia, idlocalidad, descripcion) VALUES (9, 4, 'Espinillo')
INSERT INTO localidad (idprovincia, idlocalidad, descripcion) VALUES (9, 5, 'Estanislao del Campo')
INSERT INTO localidad (idprovincia, idlocalidad, descripcion) VALUES (9, 6, 'Formosa')
INSERT INTO localidad (idprovincia, idlocalidad, descripcion) VALUES (9, 7, 'General Enrique Mosconi')
INSERT INTO localidad (idprovincia, idlocalidad, descripcion) VALUES (9, 8, 'Herradura')
INSERT INTO localidad (idprovincia, idlocalidad, descripcion) VALUES (9, 9, 'Ibarreta')
INSERT INTO localidad (idprovincia, idlocalidad, descripcion) VALUES (9, 10, 'Ingeniero Guillermo N. Juárez')
INSERT INTO localidad (idprovincia, idlocalidad, descripcion) VALUES (9, 11, 'Laguna Naick-Neck')
INSERT INTO localidad (idprovincia, idlocalidad, descripcion) VALUES (9, 12, 'Laguna Yema')
INSERT INTO localidad (idprovincia, idlocalidad, descripcion) VALUES (9, 13, 'Las Lomitas')
INSERT INTO localidad (idprovincia, idlocalidad, descripcion) VALUES (9, 14, 'Palo Santo')
INSERT INTO localidad (idprovincia, idlocalidad, descripcion) VALUES (9, 15, 'Pirané')
INSERT INTO localidad (idprovincia, idlocalidad, descripcion) VALUES (9, 16, 'Pozo del Tigre')
INSERT INTO localidad (idprovincia, idlocalidad, descripcion) VALUES (9, 17, 'Riacho Eh-Eh')
INSERT INTO localidad (idprovincia, idlocalidad, descripcion) VALUES (9, 18, 'San Francisco de Laishí')
INSERT INTO localidad (idprovincia, idlocalidad, descripcion) VALUES (9, 19, 'Villa Escolar')
INSERT INTO localidad (idprovincia, idlocalidad, descripcion) VALUES (10, 1, 'Abra Pampa')
INSERT INTO localidad (idprovincia, idlocalidad, descripcion) VALUES (10, 2, 'Caimancito')
INSERT INTO localidad (idprovincia, idlocalidad, descripcion) VALUES (10, 3, 'Calilegua')
INSERT INTO localidad (idprovincia, idlocalidad, descripcion) VALUES (10, 4, 'El Aguilar')
INSERT INTO localidad (idprovincia, idlocalidad, descripcion) VALUES (10, 5, 'El Carmen')
INSERT INTO localidad (idprovincia, idlocalidad, descripcion) VALUES (10, 6, 'Fraile Pintado')
INSERT INTO localidad (idprovincia, idlocalidad, descripcion) VALUES (10, 7, 'Humahuaca')
INSERT INTO localidad (idprovincia, idlocalidad, descripcion) VALUES (10, 8, 'Ingenio La Esperanza')
INSERT INTO localidad (idprovincia, idlocalidad, descripcion) VALUES (10, 9, 'La Mendieta')
INSERT INTO localidad (idprovincia, idlocalidad, descripcion) VALUES (10, 10, 'La Quiaca')
INSERT INTO localidad (idprovincia, idlocalidad, descripcion) VALUES (10, 11, 'Libertador General San Martín')
INSERT INTO localidad (idprovincia, idlocalidad, descripcion) VALUES (10, 12, 'Maimará')
INSERT INTO localidad (idprovincia, idlocalidad, descripcion) VALUES (10, 13, 'Palma Sola')
INSERT INTO localidad (idprovincia, idlocalidad, descripcion) VALUES (10, 14, 'Palpalá')
INSERT INTO localidad (idprovincia, idlocalidad, descripcion) VALUES (10, 15, 'Rinconada')
INSERT INTO localidad (idprovincia, idlocalidad, descripcion) VALUES (10, 16, 'San Antonio')
INSERT INTO localidad (idprovincia, idlocalidad, descripcion) VALUES (10, 17, 'San Pedro')
INSERT INTO localidad (idprovincia, idlocalidad, descripcion) VALUES (10, 18, 'San Salvador de Jujuy')
INSERT INTO localidad (idprovincia, idlocalidad, descripcion) VALUES (10, 19, 'Santa Catalina')
INSERT INTO localidad (idprovincia, idlocalidad, descripcion) VALUES (10, 20, 'Santa Clara')
INSERT INTO localidad (idprovincia, idlocalidad, descripcion) VALUES (10, 21, 'Susques')
INSERT INTO localidad (idprovincia, idlocalidad, descripcion) VALUES (10, 22, 'Tilcara')
INSERT INTO localidad (idprovincia, idlocalidad, descripcion) VALUES (10, 23, 'Tumbaya')
INSERT INTO localidad (idprovincia, idlocalidad, descripcion) VALUES (10, 24, 'Valle Grande')
INSERT INTO localidad (idprovincia, idlocalidad, descripcion) VALUES (10, 25, 'Yuto')
INSERT INTO localidad (idprovincia, idlocalidad, descripcion) VALUES (11, 1, 'Algarrobo del Águila')
INSERT INTO localidad (idprovincia, idlocalidad, descripcion) VALUES (11, 2, 'Alpachiri')
INSERT INTO localidad (idprovincia, idlocalidad, descripcion) VALUES (11, 3, 'Alta Italia')
INSERT INTO localidad (idprovincia, idlocalidad, descripcion) VALUES (11, 4, 'Anguil')
INSERT INTO localidad (idprovincia, idlocalidad, descripcion) VALUES (11, 5, 'Arata')
INSERT INTO localidad (idprovincia, idlocalidad, descripcion) VALUES (11, 6, 'Bernardo Larroudé')
INSERT INTO localidad (idprovincia, idlocalidad, descripcion) VALUES (11, 7, 'Bernasconi')
INSERT INTO localidad (idprovincia, idlocalidad, descripcion) VALUES (11, 8, 'Caleufú')
INSERT INTO localidad (idprovincia, idlocalidad, descripcion) VALUES (11, 9, 'Catriló')
INSERT INTO localidad (idprovincia, idlocalidad, descripcion) VALUES (11, 10, 'Colonia Barón')
INSERT INTO localidad (idprovincia, idlocalidad, descripcion) VALUES (11, 11, 'Cuchillo Có')
INSERT INTO localidad (idprovincia, idlocalidad, descripcion) VALUES (11, 12, 'Doblas')
INSERT INTO localidad (idprovincia, idlocalidad, descripcion) VALUES (11, 13, 'Eduardo Castex')
INSERT INTO localidad (idprovincia, idlocalidad, descripcion) VALUES (11, 14, 'Embajador Martini')
INSERT INTO localidad (idprovincia, idlocalidad, descripcion) VALUES (11, 15, 'General Acha')
INSERT INTO localidad (idprovincia, idlocalidad, descripcion) VALUES (11, 16, 'General Manuel J. Campos')
INSERT INTO localidad (idprovincia, idlocalidad, descripcion) VALUES (11, 17, 'General Pico')
INSERT INTO localidad (idprovincia, idlocalidad, descripcion) VALUES (11, 18, 'General San Martín')
INSERT INTO localidad (idprovincia, idlocalidad, descripcion) VALUES (11, 19, 'Guatraché')
INSERT INTO localidad (idprovincia, idlocalidad, descripcion) VALUES (11, 20, 'Ingeniero Luiggi')
INSERT INTO localidad (idprovincia, idlocalidad, descripcion) VALUES (11, 21, 'Intendente Alvear')
INSERT INTO localidad (idprovincia, idlocalidad, descripcion) VALUES (11, 22, 'Jacinto Arauz')
INSERT INTO localidad (idprovincia, idlocalidad, descripcion) VALUES (11, 23, 'La Maruja')
INSERT INTO localidad (idprovincia, idlocalidad, descripcion) VALUES (11, 24, 'Limay Mahuida')
INSERT INTO localidad (idprovincia, idlocalidad, descripcion) VALUES (11, 25, 'Lonquimay')
INSERT INTO localidad (idprovincia, idlocalidad, descripcion) VALUES (11, 26, 'Macachín')
INSERT INTO localidad (idprovincia, idlocalidad, descripcion) VALUES (11, 27, 'Miguel Riglos')
INSERT INTO localidad (idprovincia, idlocalidad, descripcion) VALUES (11, 28, 'Parera')
INSERT INTO localidad (idprovincia, idlocalidad, descripcion) VALUES (11, 29, 'Puelches')
INSERT INTO localidad (idprovincia, idlocalidad, descripcion) VALUES (11, 30, 'Quemú Quemú')
INSERT INTO localidad (idprovincia, idlocalidad, descripcion) VALUES (11, 31, 'Rancul')
INSERT INTO localidad (idprovincia, idlocalidad, descripcion) VALUES (11, 32, 'Realicó')
INSERT INTO localidad (idprovincia, idlocalidad, descripcion) VALUES (11, 33, 'Santa Isabel')
INSERT INTO localidad (idprovincia, idlocalidad, descripcion) VALUES (11, 34, 'Santa Rosa')
INSERT INTO localidad (idprovincia, idlocalidad, descripcion) VALUES (11, 35, 'Telén')
INSERT INTO localidad (idprovincia, idlocalidad, descripcion) VALUES (11, 36, 'Toay')
INSERT INTO localidad (idprovincia, idlocalidad, descripcion) VALUES (11, 37, 'Trenel')
INSERT INTO localidad (idprovincia, idlocalidad, descripcion) VALUES (11, 38, 'Uriburu')
INSERT INTO localidad (idprovincia, idlocalidad, descripcion) VALUES (11, 39, 'Veinticinco de Mayo')
INSERT INTO localidad (idprovincia, idlocalidad, descripcion) VALUES (11, 40, 'Victorica')
INSERT INTO localidad (idprovincia, idlocalidad, descripcion) VALUES (11, 41, 'Winifreda')
INSERT INTO localidad (idprovincia, idlocalidad, descripcion) VALUES (12, 1, 'Aimogasta')
INSERT INTO localidad (idprovincia, idlocalidad, descripcion) VALUES (12, 2, 'Aminga')
INSERT INTO localidad (idprovincia, idlocalidad, descripcion) VALUES (12, 3, 'Arauco')
INSERT INTO localidad (idprovincia, idlocalidad, descripcion) VALUES (12, 4, 'Castro Barros')
INSERT INTO localidad (idprovincia, idlocalidad, descripcion) VALUES (12, 5, 'Chamical')
INSERT INTO localidad (idprovincia, idlocalidad, descripcion) VALUES (12, 6, 'Chepes')
INSERT INTO localidad (idprovincia, idlocalidad, descripcion) VALUES (12, 7, 'Chilecito')
INSERT INTO localidad (idprovincia, idlocalidad, descripcion) VALUES (12, 8, 'Famatina')
INSERT INTO localidad (idprovincia, idlocalidad, descripcion) VALUES (12, 9, 'La Rioja')
INSERT INTO localidad (idprovincia, idlocalidad, descripcion) VALUES (12, 10, 'Malanzán')
INSERT INTO localidad (idprovincia, idlocalidad, descripcion) VALUES (12, 11, 'Milagro')
INSERT INTO localidad (idprovincia, idlocalidad, descripcion) VALUES (12, 12, 'Olta')
INSERT INTO localidad (idprovincia, idlocalidad, descripcion) VALUES (12, 13, 'Patquía')
INSERT INTO localidad (idprovincia, idlocalidad, descripcion) VALUES (12, 14, 'San Blas de los Sauces')
INSERT INTO localidad (idprovincia, idlocalidad, descripcion) VALUES (12, 15, 'Sañogasta')
INSERT INTO localidad (idprovincia, idlocalidad, descripcion) VALUES (12, 16, 'Tama')
INSERT INTO localidad (idprovincia, idlocalidad, descripcion) VALUES (12, 17, 'Ulapes')
INSERT INTO localidad (idprovincia, idlocalidad, descripcion) VALUES (12, 18, 'Villa Bustos')
INSERT INTO localidad (idprovincia, idlocalidad, descripcion) VALUES (12, 19, 'Villa Castelli')
INSERT INTO localidad (idprovincia, idlocalidad, descripcion) VALUES (12, 20, 'Villa Unión')
INSERT INTO localidad (idprovincia, idlocalidad, descripcion) VALUES (12, 21, 'Vinchina')
INSERT INTO localidad (idprovincia, idlocalidad, descripcion) VALUES (13, 1, 'General Alvear')
INSERT INTO localidad (idprovincia, idlocalidad, descripcion) VALUES (13, 2, 'General Lavalle')
INSERT INTO localidad (idprovincia, idlocalidad, descripcion) VALUES (13, 3, 'Godoy Cruz')
INSERT INTO localidad (idprovincia, idlocalidad, descripcion) VALUES (13, 4, 'Junín')
INSERT INTO localidad (idprovincia, idlocalidad, descripcion) VALUES (13, 5, 'La Consulta')
INSERT INTO localidad (idprovincia, idlocalidad, descripcion) VALUES (13, 6, 'La Paz')
INSERT INTO localidad (idprovincia, idlocalidad, descripcion) VALUES (13, 7, 'Las Heras')
INSERT INTO localidad (idprovincia, idlocalidad, descripcion) VALUES (13, 8, 'Luján de Cuyo')
INSERT INTO localidad (idprovincia, idlocalidad, descripcion) VALUES (13, 9, 'Maipú')
INSERT INTO localidad (idprovincia, idlocalidad, descripcion) VALUES (13, 10, 'Malargüe')
INSERT INTO localidad (idprovincia, idlocalidad, descripcion) VALUES (13, 11, 'Mendoza')
INSERT INTO localidad (idprovincia, idlocalidad, descripcion) VALUES (13, 12, 'Rivadavia')
INSERT INTO localidad (idprovincia, idlocalidad, descripcion) VALUES (13, 13, 'San Martín')
INSERT INTO localidad (idprovincia, idlocalidad, descripcion) VALUES (13, 14, 'San Rafael')
INSERT INTO localidad (idprovincia, idlocalidad, descripcion) VALUES (13, 15, 'Santa Rosa')
INSERT INTO localidad (idprovincia, idlocalidad, descripcion) VALUES (13, 16, 'Tunuyán')
INSERT INTO localidad (idprovincia, idlocalidad, descripcion) VALUES (13, 17, 'Tupungato')
INSERT INTO localidad (idprovincia, idlocalidad, descripcion) VALUES (13, 18, 'Villa Nueva')
INSERT INTO localidad (idprovincia, idlocalidad, descripcion) VALUES (14, 1, 'Alba Posse')
INSERT INTO localidad (idprovincia, idlocalidad, descripcion) VALUES (14, 2, 'Almafuerte')
INSERT INTO localidad (idprovincia, idlocalidad, descripcion) VALUES (14, 3, 'Apóstoles')
INSERT INTO localidad (idprovincia, idlocalidad, descripcion) VALUES (14, 4, 'Aristóbulo del Valle')
INSERT INTO localidad (idprovincia, idlocalidad, descripcion) VALUES (14, 5, 'Arroyo del Medio')
INSERT INTO localidad (idprovincia, idlocalidad, descripcion) VALUES (14, 6, 'Azara')
INSERT INTO localidad (idprovincia, idlocalidad, descripcion) VALUES (14, 7, 'Bernardo de Irigoyen')
INSERT INTO localidad (idprovincia, idlocalidad, descripcion) VALUES (14, 8, 'Bonpland')
INSERT INTO localidad (idprovincia, idlocalidad, descripcion) VALUES (14, 9, 'Campo Grande')
INSERT INTO localidad (idprovincia, idlocalidad, descripcion) VALUES (14, 10, 'Campo Ramón')
INSERT INTO localidad (idprovincia, idlocalidad, descripcion) VALUES (14, 11, 'Campo Viera')
INSERT INTO localidad (idprovincia, idlocalidad, descripcion) VALUES (14, 12, 'Candelaria')
INSERT INTO localidad (idprovincia, idlocalidad, descripcion) VALUES (14, 13, 'Capioví')
INSERT INTO localidad (idprovincia, idlocalidad, descripcion) VALUES (14, 14, 'Caraguatay')
INSERT INTO localidad (idprovincia, idlocalidad, descripcion) VALUES (14, 15, 'Cerro Azul')
INSERT INTO localidad (idprovincia, idlocalidad, descripcion) VALUES (14, 16, 'Cerro Corá')
INSERT INTO localidad (idprovincia, idlocalidad, descripcion) VALUES (14, 17, 'Colonia Aurora')
INSERT INTO localidad (idprovincia, idlocalidad, descripcion) VALUES (14, 18, 'Colonia Wanda')
INSERT INTO localidad (idprovincia, idlocalidad, descripcion) VALUES (14, 19, 'Concepción de la Sierra')
INSERT INTO localidad (idprovincia, idlocalidad, descripcion) VALUES (14, 20, 'Dos Arroyos')
INSERT INTO localidad (idprovincia, idlocalidad, descripcion) VALUES (14, 21, 'Dos de Mayo')
INSERT INTO localidad (idprovincia, idlocalidad, descripcion) VALUES (14, 22, 'El Alcázar')
INSERT INTO localidad (idprovincia, idlocalidad, descripcion) VALUES (14, 23, 'El Soberbio')
INSERT INTO localidad (idprovincia, idlocalidad, descripcion) VALUES (14, 24, 'Eldorado')
INSERT INTO localidad (idprovincia, idlocalidad, descripcion) VALUES (14, 25, 'Florentino Ameghino')
INSERT INTO localidad (idprovincia, idlocalidad, descripcion) VALUES (14, 26, 'Garuhapé')
INSERT INTO localidad (idprovincia, idlocalidad, descripcion) VALUES (14, 27, 'Garupá')
INSERT INTO localidad (idprovincia, idlocalidad, descripcion) VALUES (14, 28, 'General Alvear')
INSERT INTO localidad (idprovincia, idlocalidad, descripcion) VALUES (14, 29, 'Gobernador Roca')
INSERT INTO localidad (idprovincia, idlocalidad, descripcion) VALUES (14, 30, 'Guaraní')
INSERT INTO localidad (idprovincia, idlocalidad, descripcion) VALUES (14, 31, 'Jardín América')
INSERT INTO localidad (idprovincia, idlocalidad, descripcion) VALUES (14, 32, 'Leandro N. Alem')
INSERT INTO localidad (idprovincia, idlocalidad, descripcion) VALUES (14, 33, 'Loreto')
INSERT INTO localidad (idprovincia, idlocalidad, descripcion) VALUES (14, 34, 'Los Helechos')
INSERT INTO localidad (idprovincia, idlocalidad, descripcion) VALUES (14, 35, 'Mártires')
INSERT INTO localidad (idprovincia, idlocalidad, descripcion) VALUES (14, 36, 'Mojón Grande')
INSERT INTO localidad (idprovincia, idlocalidad, descripcion) VALUES (14, 37, 'Montecarlo')
INSERT INTO localidad (idprovincia, idlocalidad, descripcion) VALUES (14, 38, 'Oberá')
INSERT INTO localidad (idprovincia, idlocalidad, descripcion) VALUES (14, 39, 'Panambí')
INSERT INTO localidad (idprovincia, idlocalidad, descripcion) VALUES (14, 40, 'Picada Gobernador López')
INSERT INTO localidad (idprovincia, idlocalidad, descripcion) VALUES (14, 41, 'Posadas')
INSERT INTO localidad (idprovincia, idlocalidad, descripcion) VALUES (14, 42, 'Puerto Eldorado')
INSERT INTO localidad (idprovincia, idlocalidad, descripcion) VALUES (14, 43, 'Puerto Esperanza')
INSERT INTO localidad (idprovincia, idlocalidad, descripcion) VALUES (14, 44, 'Puerto Iguazú')
INSERT INTO localidad (idprovincia, idlocalidad, descripcion) VALUES (14, 45, 'Puerto Leoni')
INSERT INTO localidad (idprovincia, idlocalidad, descripcion) VALUES (14, 46, 'Puerto Libertad')
INSERT INTO localidad (idprovincia, idlocalidad, descripcion) VALUES (14, 47, 'Puerto Piray')
INSERT INTO localidad (idprovincia, idlocalidad, descripcion) VALUES (14, 48, 'Puerto Rico')
INSERT INTO localidad (idprovincia, idlocalidad, descripcion) VALUES (14, 49, 'Ruiz de Montoya')
INSERT INTO localidad (idprovincia, idlocalidad, descripcion) VALUES (14, 50, 'San Ignacio')
INSERT INTO localidad (idprovincia, idlocalidad, descripcion) VALUES (14, 51, 'San Javier')
INSERT INTO localidad (idprovincia, idlocalidad, descripcion) VALUES (14, 52, 'San José')
INSERT INTO localidad (idprovincia, idlocalidad, descripcion) VALUES (14, 53, 'San Pedro')
INSERT INTO localidad (idprovincia, idlocalidad, descripcion) VALUES (14, 54, 'San Vicente')
INSERT INTO localidad (idprovincia, idlocalidad, descripcion) VALUES (14, 55, 'Santa Ana')
INSERT INTO localidad (idprovincia, idlocalidad, descripcion) VALUES (14, 56, 'Santa María')
INSERT INTO localidad (idprovincia, idlocalidad, descripcion) VALUES (14, 57, 'Santo Pipó')
INSERT INTO localidad (idprovincia, idlocalidad, descripcion) VALUES (14, 58, 'Tres Capones')
INSERT INTO localidad (idprovincia, idlocalidad, descripcion) VALUES (14, 59, 'Veinticinco de Mayo')
INSERT INTO localidad (idprovincia, idlocalidad, descripcion) VALUES (15, 1, 'Aluminé')
INSERT INTO localidad (idprovincia, idlocalidad, descripcion) VALUES (15, 2, 'Andacollo')
INSERT INTO localidad (idprovincia, idlocalidad, descripcion) VALUES (15, 3, 'Añelo')
INSERT INTO localidad (idprovincia, idlocalidad, descripcion) VALUES (15, 4, 'Barrancas')
INSERT INTO localidad (idprovincia, idlocalidad, descripcion) VALUES (15, 5, 'Buta Ranquil')
INSERT INTO localidad (idprovincia, idlocalidad, descripcion) VALUES (15, 6, 'Centenario')
INSERT INTO localidad (idprovincia, idlocalidad, descripcion) VALUES (15, 7, 'Chos Malal')
INSERT INTO localidad (idprovincia, idlocalidad, descripcion) VALUES (15, 8, 'Cutral-Có')
INSERT INTO localidad (idprovincia, idlocalidad, descripcion) VALUES (15, 9, 'El Huecú')
INSERT INTO localidad (idprovincia, idlocalidad, descripcion) VALUES (15, 10, 'Junín de los Andes')
INSERT INTO localidad (idprovincia, idlocalidad, descripcion) VALUES (15, 11, 'Las Coloradas')
INSERT INTO localidad (idprovincia, idlocalidad, descripcion) VALUES (15, 12, 'Las Lajas')
INSERT INTO localidad (idprovincia, idlocalidad, descripcion) VALUES (15, 13, 'Las Ovejas')
INSERT INTO localidad (idprovincia, idlocalidad, descripcion) VALUES (15, 14, 'Loncopué')
INSERT INTO localidad (idprovincia, idlocalidad, descripcion) VALUES (15, 15, 'Mariano Moreno')
INSERT INTO localidad (idprovincia, idlocalidad, descripcion) VALUES (15, 16, 'Neuquén')
INSERT INTO localidad (idprovincia, idlocalidad, descripcion) VALUES (15, 17, 'Picún Leufú')
INSERT INTO localidad (idprovincia, idlocalidad, descripcion) VALUES (15, 18, 'Piedra del Águila')
INSERT INTO localidad (idprovincia, idlocalidad, descripcion) VALUES (15, 19, 'Plaza Huincul')
INSERT INTO localidad (idprovincia, idlocalidad, descripcion) VALUES (15, 20, 'Plottier')
INSERT INTO localidad (idprovincia, idlocalidad, descripcion) VALUES (15, 21, 'San Martín de los Andes')
INSERT INTO localidad (idprovincia, idlocalidad, descripcion) VALUES (15, 22, 'Senillosa')
INSERT INTO localidad (idprovincia, idlocalidad, descripcion) VALUES (15, 23, 'Villa La Angostura')
INSERT INTO localidad (idprovincia, idlocalidad, descripcion) VALUES (15, 24, 'Vista Alegre')
INSERT INTO localidad (idprovincia, idlocalidad, descripcion) VALUES (15, 25, 'Zapala')
INSERT INTO localidad (idprovincia, idlocalidad, descripcion) VALUES (16, 1, 'Allen')
INSERT INTO localidad (idprovincia, idlocalidad, descripcion) VALUES (16, 2, 'Catriel')
INSERT INTO localidad (idprovincia, idlocalidad, descripcion) VALUES (16, 3, 'Cervantes')
INSERT INTO localidad (idprovincia, idlocalidad, descripcion) VALUES (16, 4, 'Chichinales')
INSERT INTO localidad (idprovincia, idlocalidad, descripcion) VALUES (16, 5, 'Chimpay')
INSERT INTO localidad (idprovincia, idlocalidad, descripcion) VALUES (16, 6, 'Choele Choel')
INSERT INTO localidad (idprovincia, idlocalidad, descripcion) VALUES (16, 7, 'Cinco Saltos')
INSERT INTO localidad (idprovincia, idlocalidad, descripcion) VALUES (16, 8, 'Cipolletti')
INSERT INTO localidad (idprovincia, idlocalidad, descripcion) VALUES (16, 9, 'Comallo')
INSERT INTO localidad (idprovincia, idlocalidad, descripcion) VALUES (16, 10, 'Contraalmirante Cordero')
INSERT INTO localidad (idprovincia, idlocalidad, descripcion) VALUES (16, 11, 'Coronel Belisle')
INSERT INTO localidad (idprovincia, idlocalidad, descripcion) VALUES (16, 12, 'Darwin')
INSERT INTO localidad (idprovincia, idlocalidad, descripcion) VALUES (16, 13, 'El Bolsón')
INSERT INTO localidad (idprovincia, idlocalidad, descripcion) VALUES (16, 14, 'El Cuy')
INSERT INTO localidad (idprovincia, idlocalidad, descripcion) VALUES (16, 15, 'Fray Luis Beltrán')
INSERT INTO localidad (idprovincia, idlocalidad, descripcion) VALUES (16, 16, 'General Conesa')
INSERT INTO localidad (idprovincia, idlocalidad, descripcion) VALUES (16, 17, 'General Enrique Godoy')
INSERT INTO localidad (idprovincia, idlocalidad, descripcion) VALUES (16, 18, 'General Fernández Oro')
INSERT INTO localidad (idprovincia, idlocalidad, descripcion) VALUES (16, 19, 'General Roca')
INSERT INTO localidad (idprovincia, idlocalidad, descripcion) VALUES (16, 20, 'Ingeniero Jacobacci')
INSERT INTO localidad (idprovincia, idlocalidad, descripcion) VALUES (16, 21, 'Ingeniero Luis A. Huergo')
INSERT INTO localidad (idprovincia, idlocalidad, descripcion) VALUES (16, 22, 'Lamarque')
INSERT INTO localidad (idprovincia, idlocalidad, descripcion) VALUES (16, 23, 'Los Menucos')
INSERT INTO localidad (idprovincia, idlocalidad, descripcion) VALUES (16, 24, 'Mainque')
INSERT INTO localidad (idprovincia, idlocalidad, descripcion) VALUES (16, 25, 'Maquinchao')
INSERT INTO localidad (idprovincia, idlocalidad, descripcion) VALUES (16, 26, 'Ñorquinco')
INSERT INTO localidad (idprovincia, idlocalidad, descripcion) VALUES (16, 27, 'Pilcaniyeu')
INSERT INTO localidad (idprovincia, idlocalidad, descripcion) VALUES (16, 28, 'Río Colorado')
INSERT INTO localidad (idprovincia, idlocalidad, descripcion) VALUES (16, 29, 'San Antonio Oeste')
INSERT INTO localidad (idprovincia, idlocalidad, descripcion) VALUES (16, 30, 'San Carlos de Bariloche')
INSERT INTO localidad (idprovincia, idlocalidad, descripcion) VALUES (16, 31, 'Sierra Colorada')
INSERT INTO localidad (idprovincia, idlocalidad, descripcion) VALUES (16, 32, 'Sierra Grande')
INSERT INTO localidad (idprovincia, idlocalidad, descripcion) VALUES (16, 33, 'Valcheta')
INSERT INTO localidad (idprovincia, idlocalidad, descripcion) VALUES (16, 34, 'Viedma')
INSERT INTO localidad (idprovincia, idlocalidad, descripcion) VALUES (16, 35, 'Villa Regina')
INSERT INTO localidad (idprovincia, idlocalidad, descripcion) VALUES (17, 1, 'Apolinario Saravia')
INSERT INTO localidad (idprovincia, idlocalidad, descripcion) VALUES (17, 2, 'Cachí')
INSERT INTO localidad (idprovincia, idlocalidad, descripcion) VALUES (17, 3, 'Cafayate')
INSERT INTO localidad (idprovincia, idlocalidad, descripcion) VALUES (17, 4, 'Campo Quijano')
INSERT INTO localidad (idprovincia, idlocalidad, descripcion) VALUES (17, 5, 'Cerrillos')
INSERT INTO localidad (idprovincia, idlocalidad, descripcion) VALUES (17, 6, 'Chicoana')
INSERT INTO localidad (idprovincia, idlocalidad, descripcion) VALUES (17, 7, 'El Carril')
INSERT INTO localidad (idprovincia, idlocalidad, descripcion) VALUES (17, 8, 'El Galpón')
INSERT INTO localidad (idprovincia, idlocalidad, descripcion) VALUES (17, 9, 'El Quebrachal')
INSERT INTO localidad (idprovincia, idlocalidad, descripcion) VALUES (17, 10, 'Embarcación')
INSERT INTO localidad (idprovincia, idlocalidad, descripcion) VALUES (17, 11, 'General Enrique Mosconi')
INSERT INTO localidad (idprovincia, idlocalidad, descripcion) VALUES (17, 12, 'General Martín Miguel de Güemes')
INSERT INTO localidad (idprovincia, idlocalidad, descripcion) VALUES (17, 13, 'Guachipas')
INSERT INTO localidad (idprovincia, idlocalidad, descripcion) VALUES (17, 14, 'Iruya')
INSERT INTO localidad (idprovincia, idlocalidad, descripcion) VALUES (17, 15, 'Joaquín V. González')
INSERT INTO localidad (idprovincia, idlocalidad, descripcion) VALUES (17, 16, 'La Caldera')
INSERT INTO localidad (idprovincia, idlocalidad, descripcion) VALUES (17, 17, 'La Candelaria')
INSERT INTO localidad (idprovincia, idlocalidad, descripcion) VALUES (17, 18, 'La Poma')
INSERT INTO localidad (idprovincia, idlocalidad, descripcion) VALUES (17, 19, 'La Viña')
INSERT INTO localidad (idprovincia, idlocalidad, descripcion) VALUES (17, 20, 'Las Lajitas')
INSERT INTO localidad (idprovincia, idlocalidad, descripcion) VALUES (17, 21, 'Metán')
INSERT INTO localidad (idprovincia, idlocalidad, descripcion) VALUES (17, 22, 'Molinos')
INSERT INTO localidad (idprovincia, idlocalidad, descripcion) VALUES (17, 23, 'Rivadavia')
INSERT INTO localidad (idprovincia, idlocalidad, descripcion) VALUES (17, 24, 'Rosario de la Frontera')
INSERT INTO localidad (idprovincia, idlocalidad, descripcion) VALUES (17, 25, 'Rosario de Lerma')
INSERT INTO localidad (idprovincia, idlocalidad, descripcion) VALUES (17, 26, 'Salta')
INSERT INTO localidad (idprovincia, idlocalidad, descripcion) VALUES (17, 27, 'San Antonio de los Cobres')
INSERT INTO localidad (idprovincia, idlocalidad, descripcion) VALUES (17, 28, 'San Carlos')
INSERT INTO localidad (idprovincia, idlocalidad, descripcion) VALUES (17, 29, 'San Ramón de la Nueva Orán')
INSERT INTO localidad (idprovincia, idlocalidad, descripcion) VALUES (17, 30, 'Santa Rosa de Tastil')
INSERT INTO localidad (idprovincia, idlocalidad, descripcion) VALUES (17, 31, 'Santa Victoria')
INSERT INTO localidad (idprovincia, idlocalidad, descripcion) VALUES (17, 32, 'Tartagal')
INSERT INTO localidad (idprovincia, idlocalidad, descripcion) VALUES (18, 1, 'Albardón')
INSERT INTO localidad (idprovincia, idlocalidad, descripcion) VALUES (18, 2, 'Calingasta')
INSERT INTO localidad (idprovincia, idlocalidad, descripcion) VALUES (18, 3, 'Caucete')
INSERT INTO localidad (idprovincia, idlocalidad, descripcion) VALUES (18, 4, 'Chimbas')
INSERT INTO localidad (idprovincia, idlocalidad, descripcion) VALUES (18, 5, 'Nueve de Julio')
INSERT INTO localidad (idprovincia, idlocalidad, descripcion) VALUES (18, 6, 'Pocito')
INSERT INTO localidad (idprovincia, idlocalidad, descripcion) VALUES (18, 7, 'Rivadavia')
INSERT INTO localidad (idprovincia, idlocalidad, descripcion) VALUES (18, 8, 'Rodeo')
INSERT INTO localidad (idprovincia, idlocalidad, descripcion) VALUES (18, 9, 'San Agustín de Valle Fértil')
INSERT INTO localidad (idprovincia, idlocalidad, descripcion) VALUES (18, 10, 'San José de Jáchal')
INSERT INTO localidad (idprovincia, idlocalidad, descripcion) VALUES (18, 11, 'San Juan')
INSERT INTO localidad (idprovincia, idlocalidad, descripcion) VALUES (18, 12, 'San Martín')
INSERT INTO localidad (idprovincia, idlocalidad, descripcion) VALUES (18, 13, 'Santa Lucía')
INSERT INTO localidad (idprovincia, idlocalidad, descripcion) VALUES (18, 14, 'Tamberías')
INSERT INTO localidad (idprovincia, idlocalidad, descripcion) VALUES (18, 15, 'Villa Aberastain')
INSERT INTO localidad (idprovincia, idlocalidad, descripcion) VALUES (18, 16, 'Villa Basilio Nievas')
INSERT INTO localidad (idprovincia, idlocalidad, descripcion) VALUES (18, 17, 'Villa del Salvador')
INSERT INTO localidad (idprovincia, idlocalidad, descripcion) VALUES (18, 18, 'Villa Krause')
INSERT INTO localidad (idprovincia, idlocalidad, descripcion) VALUES (18, 19, 'Villa Media Agua')
INSERT INTO localidad (idprovincia, idlocalidad, descripcion) VALUES (18, 20, 'Villa Paula de Sarmiento')
INSERT INTO localidad (idprovincia, idlocalidad, descripcion) VALUES (18, 21, 'Villa San Isidro')
INSERT INTO localidad (idprovincia, idlocalidad, descripcion) VALUES (18, 22, 'Villa Santa Rosa')
INSERT INTO localidad (idprovincia, idlocalidad, descripcion) VALUES (19, 1, 'Buena Esperanza')
INSERT INTO localidad (idprovincia, idlocalidad, descripcion) VALUES (19, 2, 'Candelaria')
INSERT INTO localidad (idprovincia, idlocalidad, descripcion) VALUES (19, 3, 'Concarán')
INSERT INTO localidad (idprovincia, idlocalidad, descripcion) VALUES (19, 4, 'Justo Daract')
INSERT INTO localidad (idprovincia, idlocalidad, descripcion) VALUES (19, 5, 'La Punta')
INSERT INTO localidad (idprovincia, idlocalidad, descripcion) VALUES (19, 6, 'La Toma')
INSERT INTO localidad (idprovincia, idlocalidad, descripcion) VALUES (19, 7, 'Libertador General San Martín')
INSERT INTO localidad (idprovincia, idlocalidad, descripcion) VALUES (19, 8, 'Luján')
INSERT INTO localidad (idprovincia, idlocalidad, descripcion) VALUES (19, 9, 'Merlo')
INSERT INTO localidad (idprovincia, idlocalidad, descripcion) VALUES (19, 10, 'Naschel')
INSERT INTO localidad (idprovincia, idlocalidad, descripcion) VALUES (19, 11, 'San Francisco del Monte de Oro')
INSERT INTO localidad (idprovincia, idlocalidad, descripcion) VALUES (19, 12, 'San Luis')
INSERT INTO localidad (idprovincia, idlocalidad, descripcion) VALUES (19, 13, 'Santa Rosa del Conlara')
INSERT INTO localidad (idprovincia, idlocalidad, descripcion) VALUES (19, 14, 'Tilisarao')
INSERT INTO localidad (idprovincia, idlocalidad, descripcion) VALUES (19, 15, 'Unión')
INSERT INTO localidad (idprovincia, idlocalidad, descripcion) VALUES (19, 16, 'Villa General Roca')
INSERT INTO localidad (idprovincia, idlocalidad, descripcion) VALUES (19, 17, 'Villa Mercedes')
INSERT INTO localidad (idprovincia, idlocalidad, descripcion) VALUES (20, 1, '28 de Noviembre')
INSERT INTO localidad (idprovincia, idlocalidad, descripcion) VALUES (20, 2, 'Caleta Olivia')
INSERT INTO localidad (idprovincia, idlocalidad, descripcion) VALUES (20, 3, 'Comandante Luis Piedra Buena')
INSERT INTO localidad (idprovincia, idlocalidad, descripcion) VALUES (20, 4, 'El Calafate')
INSERT INTO localidad (idprovincia, idlocalidad, descripcion) VALUES (20, 5, 'Gobernador Gregores')
INSERT INTO localidad (idprovincia, idlocalidad, descripcion) VALUES (20, 6, 'Las Heras')
INSERT INTO localidad (idprovincia, idlocalidad, descripcion) VALUES (20, 7, 'Los Antiguos')
INSERT INTO localidad (idprovincia, idlocalidad, descripcion) VALUES (20, 8, 'Perito Moreno')
INSERT INTO localidad (idprovincia, idlocalidad, descripcion) VALUES (20, 9, 'Pico Truncado')
INSERT INTO localidad (idprovincia, idlocalidad, descripcion) VALUES (20, 10, 'Puerto Deseado')
INSERT INTO localidad (idprovincia, idlocalidad, descripcion) VALUES (20, 11, 'Puerto Santa Cruz')
INSERT INTO localidad (idprovincia, idlocalidad, descripcion) VALUES (20, 12, 'Río Gallegos')
INSERT INTO localidad (idprovincia, idlocalidad, descripcion) VALUES (20, 13, 'Río Turbio')
INSERT INTO localidad (idprovincia, idlocalidad, descripcion) VALUES (20, 14, 'San Julián')
INSERT INTO localidad (idprovincia, idlocalidad, descripcion) VALUES (20, 15, 'Yacimiento Río Turbio')
INSERT INTO localidad (idprovincia, idlocalidad, descripcion) VALUES (21, 1, 'Armstrong')
INSERT INTO localidad (idprovincia, idlocalidad, descripcion) VALUES (21, 2, 'Arroyo Seco')
INSERT INTO localidad (idprovincia, idlocalidad, descripcion) VALUES (21, 3, 'Arrufó')
INSERT INTO localidad (idprovincia, idlocalidad, descripcion) VALUES (21, 4, 'Avellaneda')
INSERT INTO localidad (idprovincia, idlocalidad, descripcion) VALUES (21, 5, 'Bella Italia')
INSERT INTO localidad (idprovincia, idlocalidad, descripcion) VALUES (21, 6, 'Calchaquí')
INSERT INTO localidad (idprovincia, idlocalidad, descripcion) VALUES (21, 7, 'Cañada de Gómez')
INSERT INTO localidad (idprovincia, idlocalidad, descripcion) VALUES (21, 8, 'Capitán Bermúdez')
INSERT INTO localidad (idprovincia, idlocalidad, descripcion) VALUES (21, 9, 'Carcarañá')
INSERT INTO localidad (idprovincia, idlocalidad, descripcion) VALUES (21, 10, 'Casilda')
INSERT INTO localidad (idprovincia, idlocalidad, descripcion) VALUES (21, 11, 'Ceres')
INSERT INTO localidad (idprovincia, idlocalidad, descripcion) VALUES (21, 12, 'Chañar Ladeado')
INSERT INTO localidad (idprovincia, idlocalidad, descripcion) VALUES (21, 13, 'Coronda')
INSERT INTO localidad (idprovincia, idlocalidad, descripcion) VALUES (21, 14, 'El Trébol')
INSERT INTO localidad (idprovincia, idlocalidad, descripcion) VALUES (21, 15, 'Esperanza')
INSERT INTO localidad (idprovincia, idlocalidad, descripcion) VALUES (21, 16, 'Firmat')
INSERT INTO localidad (idprovincia, idlocalidad, descripcion) VALUES (21, 17, 'Fray Luis A. Beltrán')
INSERT INTO localidad (idprovincia, idlocalidad, descripcion) VALUES (21, 18, 'Funes')
INSERT INTO localidad (idprovincia, idlocalidad, descripcion) VALUES (21, 19, 'Gálvez')
INSERT INTO localidad (idprovincia, idlocalidad, descripcion) VALUES (21, 20, 'Gobernador Gálvez')
INSERT INTO localidad (idprovincia, idlocalidad, descripcion) VALUES (21, 21, 'Granadero Baigorria')
INSERT INTO localidad (idprovincia, idlocalidad, descripcion) VALUES (21, 22, 'Helvecia')
INSERT INTO localidad (idprovincia, idlocalidad, descripcion) VALUES (21, 23, 'Hersilia')
INSERT INTO localidad (idprovincia, idlocalidad, descripcion) VALUES (21, 24, 'Laguna Paiva')
INSERT INTO localidad (idprovincia, idlocalidad, descripcion) VALUES (21, 25, 'Las Parejas')
INSERT INTO localidad (idprovincia, idlocalidad, descripcion) VALUES (21, 26, 'Las Rosas')
INSERT INTO localidad (idprovincia, idlocalidad, descripcion) VALUES (21, 27, 'Las Toscas')
INSERT INTO localidad (idprovincia, idlocalidad, descripcion) VALUES (21, 28, 'Malabrigo')
INSERT INTO localidad (idprovincia, idlocalidad, descripcion) VALUES (21, 29, 'Melincué')
INSERT INTO localidad (idprovincia, idlocalidad, descripcion) VALUES (21, 30, 'Pérez')
INSERT INTO localidad (idprovincia, idlocalidad, descripcion) VALUES (21, 31, 'Rafaela')
INSERT INTO localidad (idprovincia, idlocalidad, descripcion) VALUES (21, 32, 'Reconquista')
INSERT INTO localidad (idprovincia, idlocalidad, descripcion) VALUES (21, 33, 'Recreo')
INSERT INTO localidad (idprovincia, idlocalidad, descripcion) VALUES (21, 34, 'Roldán')
INSERT INTO localidad (idprovincia, idlocalidad, descripcion) VALUES (21, 35, 'Rosario')
INSERT INTO localidad (idprovincia, idlocalidad, descripcion) VALUES (21, 36, 'Rufino')
INSERT INTO localidad (idprovincia, idlocalidad, descripcion) VALUES (21, 37, 'San Carlos Centro')
INSERT INTO localidad (idprovincia, idlocalidad, descripcion) VALUES (21, 38, 'San Cristóbal')
INSERT INTO localidad (idprovincia, idlocalidad, descripcion) VALUES (21, 39, 'San Javier')
INSERT INTO localidad (idprovincia, idlocalidad, descripcion) VALUES (21, 40, 'San Jorge')
INSERT INTO localidad (idprovincia, idlocalidad, descripcion) VALUES (21, 41, 'San Justo')
INSERT INTO localidad (idprovincia, idlocalidad, descripcion) VALUES (21, 42, 'San Lorenzo')
INSERT INTO localidad (idprovincia, idlocalidad, descripcion) VALUES (21, 43, 'Santa Fe de la Vera Cruz')
INSERT INTO localidad (idprovincia, idlocalidad, descripcion) VALUES (21, 44, 'Santo Tomé')
INSERT INTO localidad (idprovincia, idlocalidad, descripcion) VALUES (21, 45, 'Sastre')
INSERT INTO localidad (idprovincia, idlocalidad, descripcion) VALUES (21, 46, 'Sunchales')
INSERT INTO localidad (idprovincia, idlocalidad, descripcion) VALUES (21, 47, 'Tostado')
INSERT INTO localidad (idprovincia, idlocalidad, descripcion) VALUES (21, 48, 'Totoras')
INSERT INTO localidad (idprovincia, idlocalidad, descripcion) VALUES (21, 49, 'Venado Tuerto')
INSERT INTO localidad (idprovincia, idlocalidad, descripcion) VALUES (21, 50, 'Vera')
INSERT INTO localidad (idprovincia, idlocalidad, descripcion) VALUES (21, 51, 'Villa Cañás')
INSERT INTO localidad (idprovincia, idlocalidad, descripcion) VALUES (21, 52, 'Villa Constitución')
INSERT INTO localidad (idprovincia, idlocalidad, descripcion) VALUES (21, 53, 'Villa Ocampo')
INSERT INTO localidad (idprovincia, idlocalidad, descripcion) VALUES (21, 54, 'Villa Trinidad')
INSERT INTO localidad (idprovincia, idlocalidad, descripcion) VALUES (22, 1, 'Añatuya')
INSERT INTO localidad (idprovincia, idlocalidad, descripcion) VALUES (22, 2, 'Arraga')
INSERT INTO localidad (idprovincia, idlocalidad, descripcion) VALUES (22, 3, 'Bandera')
INSERT INTO localidad (idprovincia, idlocalidad, descripcion) VALUES (22, 4, 'Beltrán')
INSERT INTO localidad (idprovincia, idlocalidad, descripcion) VALUES (22, 5, 'Brea Pozo')
INSERT INTO localidad (idprovincia, idlocalidad, descripcion) VALUES (22, 6, 'Campo Gallo')
INSERT INTO localidad (idprovincia, idlocalidad, descripcion) VALUES (22, 7, 'Clodomira')
INSERT INTO localidad (idprovincia, idlocalidad, descripcion) VALUES (22, 8, 'Colonia Dora')
INSERT INTO localidad (idprovincia, idlocalidad, descripcion) VALUES (22, 9, 'El Hoyo')
INSERT INTO localidad (idprovincia, idlocalidad, descripcion) VALUES (22, 10, 'El Simbolar')
INSERT INTO localidad (idprovincia, idlocalidad, descripcion) VALUES (22, 11, 'Fernández')
INSERT INTO localidad (idprovincia, idlocalidad, descripcion) VALUES (22, 12, 'Frías')
INSERT INTO localidad (idprovincia, idlocalidad, descripcion) VALUES (22, 13, 'Garza')
INSERT INTO localidad (idprovincia, idlocalidad, descripcion) VALUES (22, 14, 'Herrera')
INSERT INTO localidad (idprovincia, idlocalidad, descripcion) VALUES (22, 15, 'La Banda')
INSERT INTO localidad (idprovincia, idlocalidad, descripcion) VALUES (22, 16, 'La Cañada')
INSERT INTO localidad (idprovincia, idlocalidad, descripcion) VALUES (22, 17, 'Los Juríes')
INSERT INTO localidad (idprovincia, idlocalidad, descripcion) VALUES (22, 18, 'Los Telares')
INSERT INTO localidad (idprovincia, idlocalidad, descripcion) VALUES (22, 19, 'Monte Quemado Airport')
INSERT INTO localidad (idprovincia, idlocalidad, descripcion) VALUES (22, 20, 'Nueva Esperanza')
INSERT INTO localidad (idprovincia, idlocalidad, descripcion) VALUES (22, 21, 'Pampa de los Guanacos')
INSERT INTO localidad (idprovincia, idlocalidad, descripcion) VALUES (22, 22, 'Pozo Hondo')
INSERT INTO localidad (idprovincia, idlocalidad, descripcion) VALUES (22, 23, 'Quimilí')
INSERT INTO localidad (idprovincia, idlocalidad, descripcion) VALUES (22, 24, 'San Pedro')
INSERT INTO localidad (idprovincia, idlocalidad, descripcion) VALUES (22, 25, 'Santiago del Estero')
INSERT INTO localidad (idprovincia, idlocalidad, descripcion) VALUES (22, 26, 'Selva')
INSERT INTO localidad (idprovincia, idlocalidad, descripcion) VALUES (22, 27, 'Sumampa')
INSERT INTO localidad (idprovincia, idlocalidad, descripcion) VALUES (22, 28, 'Suncho Corral')
INSERT INTO localidad (idprovincia, idlocalidad, descripcion) VALUES (22, 29, 'Termas de Río Hondo')
INSERT INTO localidad (idprovincia, idlocalidad, descripcion) VALUES (22, 30, 'Tintina')
INSERT INTO localidad (idprovincia, idlocalidad, descripcion) VALUES (22, 31, 'Villa Atamisqui')
INSERT INTO localidad (idprovincia, idlocalidad, descripcion) VALUES (22, 32, 'Villa General Mitre')
INSERT INTO localidad (idprovincia, idlocalidad, descripcion) VALUES (22, 33, 'Villa Ojo de Agua')
INSERT INTO localidad (idprovincia, idlocalidad, descripcion) VALUES (22, 34, 'Villa Unión')
INSERT INTO localidad (idprovincia, idlocalidad, descripcion) VALUES (23, 1, 'Río Grande')
INSERT INTO localidad (idprovincia, idlocalidad, descripcion) VALUES (23, 2, 'Ushuaia')
INSERT INTO localidad (idprovincia, idlocalidad, descripcion) VALUES (24, 1, 'Aguilares')
INSERT INTO localidad (idprovincia, idlocalidad, descripcion) VALUES (24, 2, 'Alderetes')
INSERT INTO localidad (idprovincia, idlocalidad, descripcion) VALUES (24, 3, 'Banda del Río Salí')
INSERT INTO localidad (idprovincia, idlocalidad, descripcion) VALUES (24, 4, 'Bella Vista')
INSERT INTO localidad (idprovincia, idlocalidad, descripcion) VALUES (24, 5, 'Burruyacú')
INSERT INTO localidad (idprovincia, idlocalidad, descripcion) VALUES (24, 6, 'Concepción')
INSERT INTO localidad (idprovincia, idlocalidad, descripcion) VALUES (24, 7, 'Famaillá')
INSERT INTO localidad (idprovincia, idlocalidad, descripcion) VALUES (24, 8, 'Graneros')
INSERT INTO localidad (idprovincia, idlocalidad, descripcion) VALUES (24, 9, 'La Cocha')
INSERT INTO localidad (idprovincia, idlocalidad, descripcion) VALUES (24, 10, 'Monteros')
INSERT INTO localidad (idprovincia, idlocalidad, descripcion) VALUES (24, 11, 'San Isidro de Lules')
INSERT INTO localidad (idprovincia, idlocalidad, descripcion) VALUES (24, 12, 'San Miguel de Tucumán')
INSERT INTO localidad (idprovincia, idlocalidad, descripcion) VALUES (24, 13, 'Simoca')
INSERT INTO localidad (idprovincia, idlocalidad, descripcion) VALUES (24, 14, 'Tafí del Valle')
INSERT INTO localidad (idprovincia, idlocalidad, descripcion) VALUES (24, 15, 'Tafí Viejo')
INSERT INTO localidad (idprovincia, idlocalidad, descripcion) VALUES (24, 16, 'Trancas')
INSERT INTO localidad (idprovincia, idlocalidad, descripcion) VALUES (24, 17, 'Yerba Buena')

--select * from localidad
GO
---------------
-- Zonas
---------------
Insert into zona (descripcion) values ('Centro')
Insert into zona (descripcion) values ('NORTE')
Insert into zona (descripcion) values ('SUR')
Insert into zona (descripcion) values ('ESTE')
Insert into zona (descripcion) values ('OESTE')
Insert into zona (descripcion) values ('Periferica')

--select * from zona
GO
---------------
-- Conserjes
---------------
Insert into conserje (ApeyNom,tel,fechnac,estciv) values ('RAMIREZ JORGE ESTEBAN', '374449272', '19830910', 'S')
Insert into conserje (ApeyNom,tel,fechnac,estciv) values ('ALCARAZ SONIA', '374449272', '19700710', 'C')
Insert into conserje (ApeyNom,tel,fechnac,estciv) values ('ALMADA DE R. EMERENCIANA', '374449372', '19840401', 'S')
Insert into conserje (ApeyNom,tel,fechnac,estciv) values ('RAMIREZ JORGE ESTEBAN', '373449472', '19690212', 'C')
Insert into conserje (ApeyNom,tel,fechnac,estciv) values ('MARIN DE P. ANTOLINA', '373449572', '19950627', 'S')
Insert into conserje (ApeyNom,tel,fechnac,estciv) values ('GAYOZO RAMON E.', '373449672', '19661108', 'C')
Insert into conserje (ApeyNom,tel,fechnac,estciv) values ('BILLORDO GABRIEL B.', '373449772', '19760618', 'S')
Insert into conserje (ApeyNom,tel,fechnac,estciv) values ('MONTENEGRO PETRONA A.', '372449872', '19780427', 'C')
Insert into conserje (ApeyNom,tel,fechnac,estciv) values ('PAREDES GRACIELA NOEMI', '372449972', '19920324', 'S')
Insert into conserje (ApeyNom,tel,fechnac,estciv) values ('RAMIREZ RAMONA LA PAZ', '372449072', '19850219', 'C')
Insert into conserje (ApeyNom,tel,fechnac,estciv) values ('MACIEL SEGUNDA', '372449172', '19940420', 'S')
Insert into conserje (ApeyNom,tel,fechnac,estciv) values ('BLANCO MARIA ESCOLASTICA', '372449272', '19880303', 'C')
Insert into conserje (ApeyNom,tel,fechnac,estciv) values ('SAUCEDO PANTALEON', '372449372', '19860417', 'S')
Insert into conserje (ApeyNom,tel,fechnac,estciv) values ('PALERMO JOSE', '375449472', '19760202', 'C')
Insert into conserje (ApeyNom,tel,fechnac,estciv) values ('SOTELO VICENTA', '375449572', '19801202', 'S')
Insert into conserje (ApeyNom,tel,fechnac,estciv) values ('BLANCO RICARDO', '375449672', '19671020', 'C')
Insert into conserje (ApeyNom,tel,fechnac,estciv) values ('CENTURION LUCIANA', '375449772', '19711016', 'S')
Insert into conserje (ApeyNom,tel,fechnac,estciv) values ('SOTO VICTORIA', '375449872', '19791008', 'C')
Insert into conserje (ApeyNom,tel,fechnac,estciv) values ('SAUCEDO RAFAEL', '375449872', '19921116', 'S')
Insert into conserje (ApeyNom,tel,fechnac,estciv) values ('RUIZ ATANACIA', '377449972', '19920315', 'C')
Insert into conserje (ApeyNom,tel,fechnac,estciv) values ('MARTINEZ FACUNDA', '377449672', '19920719', 'S')
Insert into conserje (ApeyNom,tel,fechnac,estciv) values ('ALVIZO ALICIA', '377449572', '19670427', 'C')
Insert into conserje (ApeyNom,tel,fechnac,estciv) values ('GAYOSO ALEJANDRO RAMON', '377449372', '19870308', 'S')
Insert into conserje (ApeyNom,tel,fechnac,estciv) values ('RODRIGUEZ MARIA PABLA', '377449272', '19920715', 'C')
Insert into conserje (ApeyNom,tel,fechnac,estciv) values ('SANCHEZ MARCIANO RAMON', '376449972', '19880221', 'S')
Insert into conserje (ApeyNom,tel,fechnac,estciv) values ('SANCHEZ TOMASA', '376449972', '19660304', 'C')
Insert into conserje (ApeyNom,tel,fechnac,estciv) values ('ALCARAZ JUAN G.', '200620155', '19720226', 'S')
Insert into conserje (ApeyNom,tel,fechnac,estciv) values ('RETAMOSO DE M. ANA', '374649972', '19650507', 'C')
Insert into conserje (ApeyNom,tel,fechnac,estciv) values ('GAYOZO SILVIA RAMONA', '374649972', '19731202', 'S')
Insert into conserje (ApeyNom,tel,fechnac,estciv) values ('CORREA ALEJANDRA', '374649972', '19900604', 'C')
Insert into conserje (ApeyNom,tel,fechnac,estciv) values ('NUÑES JORGE', '374649972', '19860307', 'S')
Insert into conserje (ApeyNom,tel,fechnac,estciv) values ('SAUCEDO ELEUTERIO', '374649972', '19860127', 'C')
Insert into conserje (ApeyNom,tel,fechnac,estciv) values ('QUINTANA JOSE LORENZO', '374649972', '19951017', 'S')
Insert into conserje (ApeyNom,tel,fechnac,estciv) values ('ANONIS DE F. CONCEPCION', '374649972', '19830707', 'C')
Insert into conserje (ApeyNom,tel,fechnac,estciv) values ('QUINTANA ELADIA', '374549972', '19880902', 'S')
Insert into conserje (ApeyNom,tel,fechnac,estciv) values ('MARIN ELVA M.', '374549972', '19720324', 'C')
Insert into conserje (ApeyNom,tel,fechnac,estciv) values ('MAIDANA MARCELO ARGENTINO', '374549972', '19881113', 'S')
Insert into conserje (ApeyNom,tel,fechnac,estciv) values ('ROMERO JOSE', '374549972', '19920618', 'C')
Insert into conserje (ApeyNom,tel,fechnac,estciv) values ('MEDINA SATURNINO', '374549972', '19940401', 'S')
Insert into conserje (ApeyNom,tel,fechnac,estciv) values ('AYALA FRANCISCO', '374549972', '19820509', 'C')
Insert into conserje (ApeyNom,tel,fechnac,estciv) values ('TORRES CARMEN F.', '374549972', '19790925', 'S')
Insert into conserje (ApeyNom,tel,fechnac,estciv) values ('HOUDIN ANSELMO', '374549972', '19820121', 'C')
Insert into conserje (ApeyNom,tel,fechnac,estciv) values ('CANONIERO DE G. GABRIELA', '200520155', '19761020', 'S')
Insert into conserje (ApeyNom,tel,fechnac,estciv) values ('SUAREZ JUAN', '374549972', '19920706', 'C')
Insert into conserje (ApeyNom,tel,fechnac,estciv) values ('GOYECHEA PORFIDIA', '374549972', '19860728', 'S')
Insert into conserje (ApeyNom,tel,fechnac,estciv) values ('VELAZQUEIZ NICASIO', '374549972', '19750420', 'C')
Insert into conserje (ApeyNom,tel,fechnac,estciv) values ('GOMEZ TERESITA DE JESUS', '374469972', '19730416', 'S')
Insert into conserje (ApeyNom,tel,fechnac,estciv) values ('GONZALEZ DE M. ELVA', '374469972', '19780515', 'C')
Insert into conserje (ApeyNom,tel,fechnac,estciv) values ('GAYOSO BENERALDO E.', '374469972', '19870528', 'S')
Insert into conserje (ApeyNom,tel,fechnac,estciv) values ('SANCHEZ DE CARPIO MARGARI', '374469972', '19760417', 'C')
Insert into conserje (ApeyNom,tel,fechnac,estciv) values ('BORDON LIDIA', '374469972', '19830724', 'S')
Insert into conserje (ApeyNom,tel,fechnac,estciv) values ('CACERES DE T. ESTHER A.', '374469972', '19660426', 'C')
Insert into conserje (ApeyNom,tel,fechnac,estciv) values ('MARTINEZ DE P. ASUNCION', '374469972', '19681215', 'S')
Insert into conserje (ApeyNom,tel,fechnac,estciv) values ('MARIN ALFONSO', '374469972', '19951110', 'C')
Insert into conserje (ApeyNom,tel,fechnac,estciv) values ('OJEDA RUBEN MARTIN', '374469972', '19821208', 'S')
Insert into conserje (ApeyNom,tel,fechnac,estciv) values ('BARRIOS JUANA J.', '374479972', '19701208', 'C')
Insert into conserje (ApeyNom,tel,fechnac,estciv) values ('PEREZ LUIS C.', '374479972', '19940826', 'S')
Insert into conserje (ApeyNom,tel,fechnac,estciv) values ('OLIVEIRA RUPERTO', '374479972', '19831001', 'C')
Insert into conserje (ApeyNom,tel,fechnac,estciv) values ('CUYUA DIEGO', '200770155', '19760617', 'S')
Insert into conserje (ApeyNom,tel,fechnac,estciv) values ('TORRES DE G. MARIA C.', '374479972', '19841004', 'C')
Insert into conserje (ApeyNom,tel,fechnac,estciv) values ('GONZALEZ PEDRO S.', '374479972', '19720606', 'S')
Insert into conserje (ApeyNom,tel,fechnac,estciv) values ('BEJARANO MERCEDES', '374479972', '19650702', 'C')
Insert into conserje (ApeyNom,tel,fechnac,estciv) values ('DEL VALLE MARTINEZ MERCED', '374479972', '19930210', 'S')
Insert into conserje (ApeyNom,tel,fechnac,estciv) values ('ACU¥A LEANDRO.', '374479972', '19930815', 'C')
Insert into conserje (ApeyNom,tel,fechnac,estciv) values ('ROMERO FELIPE', '374479972', '19730825', 'S')
Insert into conserje (ApeyNom,tel,fechnac,estciv) values ('VALENZUELA LUISA PATRICIA', '374479972', '19761009', 'C')
Insert into conserje (ApeyNom,tel,fechnac,estciv) values ('QUINTANA DEMETRIO', '374479972', '19780512', 'S')
Insert into conserje (ApeyNom,tel,fechnac,estciv) values ('ESPINDOLA ELBA', '374489972', '19800208', 'C')
Insert into conserje (ApeyNom,tel,fechnac,estciv) values ('PIRIZ CLEMENTINO J.', '374489972', '19901204', 'S')
Insert into conserje (ApeyNom,tel,fechnac,estciv) values ('ESCUBILLA DE V. DOLORES M', '374489972', '19901123', 'C')
Insert into conserje (ApeyNom,tel,fechnac,estciv) values ('VALLEJOS DE A. TOMASA', '374489972', '19680901', 'S')
Insert into conserje (ApeyNom,tel,fechnac,estciv) values ('AMARILLA JOSE ANTONIO', '374489972', '19660727', 'C')
Insert into conserje (ApeyNom,tel,fechnac,estciv) values ('AGUIRRE, DOMINGA', '374489972', '19800915', 'S')
Insert into conserje (ApeyNom,tel,fechnac,estciv) values ('LOPEZ CRECENCIO', '374449972', '19911120', 'C')
Insert into conserje (ApeyNom,tel,fechnac,estciv) values ('PATI¥O GUMERCINDO', '374449972', '19930524', 'S')
Insert into conserje (ApeyNom,tel,fechnac,estciv) values ('BORBA BLANCA E.', '374441972', '19920206', 'C')
Insert into conserje (ApeyNom,tel,fechnac,estciv) values ('GARCIA CARLOS', '374441972', '19760806', 'S')
Insert into conserje (ApeyNom,tel,fechnac,estciv) values ('VALDEZ RAMONA', '374441972', '19840821', 'C')
Insert into conserje (ApeyNom,tel,fechnac,estciv) values ('CORREA GREGORIA', '374441972', '19841214', 'S')
Insert into conserje (ApeyNom,tel,fechnac,estciv) values ('FARI¥A NU¥ES GRACIELA', '374441972', '19850910', 'C')
Insert into conserje (ApeyNom,tel,fechnac,estciv) values ('TORRES OSCAR OMAR', '374441972', '19750823', 'S')
Insert into conserje (ApeyNom,tel,fechnac,estciv) values ('RUIZ ILDA ISABEL.', '374441972', '19770301', 'C')
Insert into conserje (ApeyNom,tel,fechnac,estciv) values ('ZALAZAR PEDRO R.', '374441972', '19881228', 'S')
Insert into conserje (ApeyNom,tel,fechnac,estciv) values ('TORRES GERMIN', '374441972', '19810921', 'C')
Insert into conserje (ApeyNom,tel,fechnac,estciv) values ('GALVEZ KARINA', '374441972', '19710327', 'S')
Insert into conserje (ApeyNom,tel,fechnac,estciv) values ('AVALOS DE M. MARIA', '374441972', '19670215', 'C')
Insert into conserje (ApeyNom,tel,fechnac,estciv) values ('GODOY SANDRA KARINA', '374441972', '19920122', 'S')
Insert into conserje (ApeyNom,tel,fechnac,estciv) values ('TORRES DIONICIO', '374441972', '19680824', 'C')
Insert into conserje (ApeyNom,tel,fechnac,estciv) values ('AQUINO RAMONA', '374441972', '19911103', 'S')
Insert into conserje (ApeyNom,tel,fechnac,estciv) values ('GIMENEZ BERNARDINA.', '200721155', '19691023', 'C')
Insert into conserje (ApeyNom,tel,fechnac,estciv) values ('AQUINO LUIS A.', '374442972', '19651215', 'S')
Insert into conserje (ApeyNom,tel,fechnac,estciv) values ('AQUINO JUAN R.', '200722155', '19850728', 'C')
Insert into conserje (ApeyNom,tel,fechnac,estciv) values ('GONZALEZ MARCELINO', '200722155', '19730316', 'S')
Insert into conserje (ApeyNom,tel,fechnac,estciv) values ('BARRIOS DE A. DOMICIANA', '200722155', '19820216', 'C')
Insert into conserje (ApeyNom,tel,fechnac,estciv) values ('GONZALEZ DE T. AMALIA', '374442972', '19730913', 'S')
Insert into conserje (ApeyNom,tel,fechnac,estciv) values ('MAIDANA A. RUFINO', '200722155', '19830427', 'C')
Insert into conserje (ApeyNom,tel,fechnac,estciv) values ('ZARZA DE N. RAMONA', '374442972', '19900212', 'S')
Insert into conserje (ApeyNom,tel,fechnac,estciv) values ('PARRAS JOSE E.', '374442972', '19690806', 'C')
Insert into conserje (ApeyNom,tel,fechnac,estciv) values ('ANONIS ELADIO', '374442972', '19930716', 'S')
Insert into conserje (ApeyNom,tel,fechnac,estciv) values ('CACERES DANIEL E.', '374442972', '19861211', 'C')
Insert into conserje (ApeyNom,tel,fechnac,estciv) values ('TORRES NICOLAS', '374442972', '19800310', 'S')
Insert into conserje (ApeyNom,tel,fechnac,estciv) values ('GAONA PABLA', '374442972', '19690210', 'C')
Insert into conserje (ApeyNom,tel,fechnac,estciv) values ('MEYER VICTORIA D.', '374449972', '19700322', 'S')
Insert into conserje (ApeyNom,tel,fechnac,estciv) values ('ZALAZAR, MIRTA ROSA', '374445972', '19880316', 'C')
Insert into conserje (ApeyNom,tel,fechnac,estciv) values ('VILLAVOA DE L. MARIA', '374445972', '19670713', 'S')
Insert into conserje (ApeyNom,tel,fechnac,estciv) values ('TORRES CALIXTO', '374445972', '19940110', 'C')
Insert into conserje (ApeyNom,tel,fechnac,estciv) values ('BARREIRO JOSE LUIS', '374445972', '19900818', 'S')
Insert into conserje (ApeyNom,tel,fechnac,estciv) values ('MARIN ROMAN', '374445972', '19790606', 'C')
Insert into conserje (ApeyNom,tel,fechnac,estciv) values ('OJEDA JUANA', '374445972', '19831024', 'S')
Insert into conserje (ApeyNom,tel,fechnac,estciv) values ('AQUINO JOSE A.', '374445972', '19870223', 'C')
Insert into conserje (ApeyNom,tel,fechnac,estciv) values ('SUAREZ FRANCISCO RAMON', '374445972', '19690813', 'S')
Insert into conserje (ApeyNom,tel,fechnac,estciv) values ('SOTO RAMON R.', '374445972', '19770319', 'C')
Insert into conserje (ApeyNom,tel,fechnac,estciv) values ('ALFONZO ANTONIO.', '374446972', '19850812', 'S')
Insert into conserje (ApeyNom,tel,fechnac,estciv) values ('SOSA RAMON B.', '374446972', '19690311', 'C')
Insert into conserje (ApeyNom,tel,fechnac,estciv) values ('GONZALEZ ROBERTO F.', '374446972', '19751206', 'S')
Insert into conserje (ApeyNom,tel,fechnac,estciv) values ('SOTO HUGO', '374446972', '19801017', 'C')
Insert into conserje (ApeyNom,tel,fechnac,estciv) values ('CORREA HIJINIO', '374446972', '19840611', 'S')
Insert into conserje (ApeyNom,tel,fechnac,estciv) values ('TORRES JOSE ANGEL', '374446972', '19840618', 'C')
Insert into conserje (ApeyNom,tel,fechnac,estciv) values ('GONZALEZ RICARDO D.', '374446972', '19930524', 'S')
Insert into conserje (ApeyNom,tel,fechnac,estciv) values ('AYALA SABINA', '374446972', '19840611', 'C')
Insert into conserje (ApeyNom,tel,fechnac,estciv) values ('ROJAS RICARDO ALFREDO', '374446972', '19680905', 'S')
Insert into conserje (ApeyNom,tel,fechnac,estciv) values ('RAMIREZ DE T. CECILIA R.', '374446972', '19801004', 'C')
Insert into conserje (ApeyNom,tel,fechnac,estciv) values ('LOPEZ CONRADO.', '374446972', '19770212', 'C')
Insert into conserje (ApeyNom,tel,fechnac,estciv) values ('AYALA JORGE M.', '374447972', '19660413', 'C')
Insert into conserje (ApeyNom,tel,fechnac,estciv) values ('MARTINEZ A. JOSE.', '374447972', '19820513', 'C')
Insert into conserje (ApeyNom,tel,fechnac,estciv) values ('GARCIA LEONOR IRENE', '374447972', '19911101', 'C')
Insert into conserje (ApeyNom,tel,fechnac,estciv) values ('FERREYRA ERNESTO L.', '374447972', '19721001', 'S')
Insert into conserje (ApeyNom,tel,fechnac,estciv) values ('OTTAVIANI ROQUE G.', '374447972', '19750623', 'C')
Insert into conserje (ApeyNom,tel,fechnac,estciv) values ('CASTILLO JULIO RUBEN', '374447972', '19860828', 'C')
Insert into conserje (ApeyNom,tel,fechnac,estciv) values ('NU¥EZ YAMIL GUSTAVO', '374447972', '19710718', 'C')
Insert into conserje (ApeyNom,tel,fechnac,estciv) values ('QUINTANA PLACIDA.', '374447972', '19781101', 'C')
Insert into conserje (ApeyNom,tel,fechnac,estciv) values ('JONUSAS HECTOR L', '374447972', '19840526', 'C')
Insert into conserje (ApeyNom,tel,fechnac,estciv) values ('ROCH BARBARA MA.', '374447972', '19700909', 'C')
Insert into conserje (ApeyNom,tel,fechnac,estciv) values ('GERVASONI FELIX A.', '374447972', '19891111', 'C')
Insert into conserje (ApeyNom,tel,fechnac,estciv) values ('OLIVEIRA DE G COSTANCIA R', '374447972', '19920301', 'C')
Insert into conserje (ApeyNom,tel,fechnac,estciv) values ('FERNANDEZ DE CACERES NORM', '374447772', '19760622', 'S')
Insert into conserje (ApeyNom,tel,fechnac,estciv) values ('ZACARIAS MARGARITA E.', '374449772', '19940221', 'C')
Insert into conserje (ApeyNom,tel,fechnac,estciv) values ('SOSA PABLO ABEL', '374449772', '19730701', 'S')
Insert into conserje (ApeyNom,tel,fechnac,estciv) values ('MARIN RAUL R.', '374449772', '19681127', 'C')
Insert into conserje (ApeyNom,tel,fechnac,estciv) values ('GERVASONI NILDA YOLANDA', '374449772', '19801202', 'S')
Insert into conserje (ApeyNom,tel,fechnac,estciv) values ('TABAREZ RUBEN O.', '374449772', '19900110', 'C')
Insert into conserje (ApeyNom,tel,fechnac,estciv) values ('ESCUELA Nø 676', '371449772', '19950508', 'S')
Insert into conserje (ApeyNom,tel,fechnac,estciv) values ('SUAREZ EMILIO', '371449972', '19700108', 'C')
Insert into conserje (ApeyNom,tel,fechnac,estciv) values ('PONCE RAMONA', '371449972', '19680304', 'S')
Insert into conserje (ApeyNom,tel,fechnac,estciv) values ('VERDUN EULALIO', '371449972', '19680621', 'C')
Insert into conserje (ApeyNom,tel,fechnac,estciv) values ('ENGELSING JOSE A.', '371449972', '19660625', 'S')
Insert into conserje (ApeyNom,tel,fechnac,estciv) values ('OCAMPO EULALIO', '371449972', '19810305', 'C')
Insert into conserje (ApeyNom,tel,fechnac,estciv) values ('GONZALEZ RAMON T.', '371449972', '19670803', 'S')
Insert into conserje (ApeyNom,tel,fechnac,estciv) values ('ALFONZO LUIS R.', '371449972', '19700805', 'C')
Insert into conserje (ApeyNom,tel,fechnac,estciv) values ('BORDON BERNARDO', '371449972', '19900516', 'S')
Insert into conserje (ApeyNom,tel,fechnac,estciv) values ('ALFONZO DANIEL', '372449972', '19850706', 'C')
Insert into conserje (ApeyNom,tel,fechnac,estciv) values ('BARRIOS LEONARDO', '372449972', '19840905', 'S')
Insert into conserje (ApeyNom,tel,fechnac,estciv) values ('SERDAN TIBURCIA', '372449972', '19720504', 'S')
Insert into conserje (ApeyNom,tel,fechnac,estciv) values ('AGUIRRE RAMON', '372449972', '19740411', 'C')
Insert into conserje (ApeyNom,tel,fechnac,estciv) values ('FALCON CELINA', '372449972', '19660520', 'S')
Insert into conserje (ApeyNom,tel,fechnac,estciv) values ('SUAREZ RUBEN', '372449972', '19900122', 'C')
Insert into conserje (ApeyNom,tel,fechnac,estciv) values ('PAULUK DE M. CARMEN', '372449972', '19900227', 'C')
Insert into conserje (ApeyNom,tel,fechnac,estciv) values ('MARIN GONZALO RAUL', '372449972', '19790622', 'C')
Insert into conserje (ApeyNom,tel,fechnac,estciv) values ('GONZALEZ RAMON LORETO', '372449972', '19730701', 'C')
Insert into conserje (ApeyNom,tel,fechnac,estciv) values ('TORRES SIMON W.', '372449972', '19901127', 'C')
Insert into conserje (ApeyNom,tel,fechnac,estciv) values ('GUTIERREZ ANTONIO', '372449972', '19871114', 'C')
Insert into conserje (ApeyNom,tel,fechnac,estciv) values ('MEZA FERNANDO ANTONIO', '372449972', '19870125', 'C')
Insert into conserje (ApeyNom,tel,fechnac,estciv) values ('ALMIRON EDUARDO', '374449972', '19820114', 'C')
Insert into conserje (ApeyNom,tel,fechnac,estciv) values ('VALLEJOS FELIPA', '374449972', '19661112', 'C')
Insert into conserje (ApeyNom,tel,fechnac,estciv) values ('JARA MONGELOS MARIA CORAZ', '374449972', '19790517', 'C')
Insert into conserje (ApeyNom,tel,fechnac,estciv) values ('TORRES FELISA R.', '374449972', '19881101', 'C')
Insert into conserje (ApeyNom,tel,fechnac,estciv) values ('FRANCO MARIA NELIDA', '374449972', '19840615', 'C')
Insert into conserje (ApeyNom,tel,fechnac,estciv) values ('PREFECTURA ITATI', '374449972', '19910125', 'C')
Insert into conserje (ApeyNom,tel,fechnac,estciv) values ('MERCADO DIEGO OSCAR', '374549972', '19761019', 'C')
Insert into conserje (ApeyNom,tel,fechnac,estciv) values ('ANTARTIDA DISTRIBUCIONES', '374549972', '19710817', 'S')
Insert into conserje (ApeyNom,tel,fechnac,estciv) values ('PIVCHIK DE ROMERO NELIDA', '374549972', '19771102', 'S')
Insert into conserje (ApeyNom,tel,fechnac,estciv) values ('CERQUOZZI LUIS', '374549972', '19881216', 'C')
Insert into conserje (ApeyNom,tel,fechnac,estciv) values ('AYALA MARIA ESTER', '374549972', '19760119', 'C')
Insert into conserje (ApeyNom,tel,fechnac,estciv) values ('GALARZA MYRIAM RAMONA', '374549972', '19930107', 'C')
Insert into conserje (ApeyNom,tel,fechnac,estciv) values ('JACQUET DE MOLINA LIDIA E', '374549972', '19670810', 'C')
Insert into conserje (ApeyNom,tel,fechnac,estciv) values ('ROCH RODRIGO', '374549972', '19690916', 'C')
Insert into conserje (ApeyNom,tel,fechnac,estciv) values ('TORRES DE M. CELIA', '374549972', '19930308', 'C')
Insert into conserje (ApeyNom,tel,fechnac,estciv) values ('ROCH RODRIGO.', '374549972', '19920922', 'C')
Insert into conserje (ApeyNom,tel,fechnac,estciv) values ('SENASA', '374549972', '19760322', 'C')
Insert into conserje (ApeyNom,tel,fechnac,estciv) values ('GALEANO LAURA SOLEDAD', '374549972', '19900513', 'S')
Insert into conserje (ApeyNom,tel,fechnac,estciv) values ('NAHMIAS JORGE E.', '374549972', '19670617', 'C')
Insert into conserje (ApeyNom,tel,fechnac,estciv) values ('AQUINO MARIA GRICELDA', '374549972', '19940606', 'C')
Insert into conserje (ApeyNom,tel,fechnac,estciv) values ('ACOSTA FELISA C', '374549972', '19880501', 'C')
Insert into conserje (ApeyNom,tel,fechnac,estciv) values ('FARI¥A N. PRISCILIANO', '374549972', '19920311', 'S')
Insert into conserje (ApeyNom,tel,fechnac,estciv) values ('FARI¥A N. BUENAVENTURA', '374549972', '19811209', 'S')
Insert into conserje (ApeyNom,tel,fechnac,estciv) values ('CORREA DE R. ANGELA O.', '374549972', '19890108', 'S')
Insert into conserje (ApeyNom,tel,fechnac,estciv) values ('FARI¥A NU¥EZ GRACIELA HAY', '374349972', '19670210', 'C')
Insert into conserje (ApeyNom,tel,fechnac,estciv) values ('TORRES DANIEL HORACIO', '374349972', '19910321', 'C')
Insert into conserje (ApeyNom,tel,fechnac,estciv) values ('ALEGRE JOSE A.', '374349972', '19661118', 'C')
Insert into conserje (ApeyNom,tel,fechnac,estciv) values ('AQUINO CRISPIN', '374349972', '19780814', 'C')
Insert into conserje (ApeyNom,tel,fechnac,estciv) values ('LOPEZ OLGA', '374349972', '19720703', 'S')
Insert into conserje (ApeyNom,tel,fechnac,estciv) values ('LOPEZ DE R. MARIA G.', '374349972', '19830205', 'C')
Insert into conserje (ApeyNom,tel,fechnac,estciv) values ('LURASCHI MIRIAN ELISABETH', '374349972', '19730328', 'C')
Insert into conserje (ApeyNom,tel,fechnac,estciv) values ('SILVA DE L. VIVINA E.', '374349972', '19851219', 'C')
Insert into conserje (ApeyNom,tel,fechnac,estciv) values ('RIOS OMAR', '374349972', '19931116', 'C')
Insert into conserje (ApeyNom,tel,fechnac,estciv) values ('TORRES CESAR ELIECER', '374439972', '19851028', 'C')
Insert into conserje (ApeyNom,tel,fechnac,estciv) values ('GAMBOA HAIDE MARIA', '374443972', '19920614', 'S')
Insert into conserje (ApeyNom,tel,fechnac,estciv) values ('GIMENEZ BERNARDINA', '374443972', '19790324', 'S')
Insert into conserje (ApeyNom,tel,fechnac,estciv) values ('RATTI ESTOUP ARNALDO URIE', '374443972', '19940422', 'S')
Insert into conserje (ApeyNom,tel,fechnac,estciv) values ('RATTI PABLO J.', '374443972', '19920618', 'C')
Insert into conserje (ApeyNom,tel,fechnac,estciv) values ('ESCALANTE MARIA E.', '374443972', '19880107', 'C')
Insert into conserje (ApeyNom,tel,fechnac,estciv) values ('AGUIRRE MAURO.', '374443972', '19700415', 'C')
Insert into conserje (ApeyNom,tel,fechnac,estciv) values ('MONZON SIMON R.', '374443972', '19880415', 'C')
Insert into conserje (ApeyNom,tel,fechnac,estciv) values ('BARRIOS RAMON PABLO', '374449472', '19891211', 'S')
Insert into conserje (ApeyNom,tel,fechnac,estciv) values ('ROMERO RAMON A.', '374449472', '19870223', 'S')
Insert into conserje (ApeyNom,tel,fechnac,estciv) values ('DEL BIANCO EUGENIO N.', '374449472', '19821103', 'S')
Insert into conserje (ApeyNom,tel,fechnac,estciv) values ('GONZALEZ DE A. PATRICIA O', '374449472', '19750509', 'S')
Insert into conserje (ApeyNom,tel,fechnac,estciv) values ('BIANCHI JOSE E.', '374449472', '19910417', 'C')
Insert into conserje (ApeyNom,tel,fechnac,estciv) values ('SUAVE JUAN I.', '374449472', '19810708', 'S')
Insert into conserje (ApeyNom,tel,fechnac,estciv) values ('NU¥EZ ANDRES', '374449472', '19841017', 'C')
Insert into conserje (ApeyNom,tel,fechnac,estciv) values ('GERVASONI HEBE ZUNILDA', '374449472', '19710124', 'S')
Insert into conserje (ApeyNom,tel,fechnac,estciv) values ('FERNANDEZ DORA INES', '374449472', '19760926', 'S')
Insert into conserje (ApeyNom,tel,fechnac,estciv) values ('MARIN SILVERIO', '374449472', '19901127', 'C')
Insert into conserje (ApeyNom,tel,fechnac,estciv) values ('MARTINEZ ORLANDO', '374449472', '19930926', 'S')
Insert into conserje (ApeyNom,tel,fechnac,estciv) values ('VARGAS NORA RUTH', '374449472', '19661001', 'C')
Insert into conserje (ApeyNom,tel,fechnac,estciv) values ('VALDEZ NILDA', '374449472', '19870120', 'S')
Insert into conserje (ApeyNom,tel,fechnac,estciv) values ('AZCOAGA DE G. ANGELA J.', '374449472', '19940309', 'C')
Insert into conserje (ApeyNom,tel,fechnac,estciv) values ('PALACIOS ADAN L.', '374449472', '19850427', 'S')
Insert into conserje (ApeyNom,tel,fechnac,estciv) values ('GAUTO JORGE R.', '374449472', '19940826', 'C')
Insert into conserje (ApeyNom,tel,fechnac,estciv) values ('AGUIRRE DE F. CARMEN DEL', '374449472', '19931013', 'S')

GO

-- select * from conserje

--------------------
-- Administradores
--------------------
Insert into administrador(apeynom,viveahi,tel,sexo,fechnac) values ('Perez Juan Manuel', 'N', '3794112233', 'M', '19850218')
Insert into administrador(apeynom,viveahi,tel,sexo,fechnac) values ('BASUALDO DELMIRA', 'N', '3624231689', 'F', '19801009')
Insert into administrador(apeynom,viveahi,tel,sexo,fechnac) values ('SEGOVIA ALEJANDRO H.', 'S', '3624232689', 'M', '19740602')
Insert into administrador(apeynom,viveahi,tel,sexo,fechnac) values ('ROMERO ELEUTERIO', 'N', '3624233689', 'M', '19720819')
Insert into administrador(apeynom,viveahi,tel,sexo,fechnac) values ('NAHMIAS DE K. NIDIA', 'S', '3624234689', 'F', '19711128')
Insert into administrador(apeynom,viveahi,tel,sexo,fechnac) values ('CORREA DE M. MARIA G.', 'N', '3624235689', 'F', '19900116')
Insert into administrador(apeynom,viveahi,tel,sexo,fechnac) values ('NAHMIAS JOSE', 'S', '3624236689', 'M', '19740902')
Insert into administrador(apeynom,viveahi,tel,sexo,fechnac) values ('NAHMIAS DE R. REBECA J.', 'N', '3624237689', 'F', '19890307')
Insert into administrador(apeynom,viveahi,tel,sexo,fechnac) values ('LOVATO CERENTTINI ISABEL', 'S', '3624238689', 'F', '19731015')
Insert into administrador(apeynom,viveahi,tel,sexo,fechnac) values ('GOMEZ MATIAS GABRIEL', 'N', '3624239689', 'M', '19740320')
Insert into administrador(apeynom,viveahi,tel,sexo,fechnac) values ('CORREA HUGO E.', 'S', '3624231689', 'M', '19930811')
Insert into administrador(apeynom,viveahi,tel,sexo,fechnac) values ('MACHUCA CEFERINA', 'N', '3624232689', 'F', '19910916')
Insert into administrador(apeynom,viveahi,tel,sexo,fechnac) values ('CARDOZO MAXIMA', 'S', '3624233689', 'F', '19881107')
Insert into administrador(apeynom,viveahi,tel,sexo,fechnac) values ('RODRIGUEZ MARTIN J.', 'N', '3624234689', 'M', '19851209')
Insert into administrador(apeynom,viveahi,tel,sexo,fechnac) values ('SOTELO GERTRUDIS', 'S', '3624235689', 'F', '19901112')
Insert into administrador(apeynom,viveahi,tel,sexo,fechnac) values ('AYALA FLORENTINA', 'N', '3624236689', 'F', '19740427')
Insert into administrador(apeynom,viveahi,tel,sexo,fechnac) values ('VILLALOVA SILVIA M.', 'S', '3614237689', 'M', '19940401')
Insert into administrador(apeynom,viveahi,tel,sexo,fechnac) values ('RATTI JUAN E.', 'N', '3614238689', 'M', '19670807')
Insert into administrador(apeynom,viveahi,tel,sexo,fechnac) values ('ROCH GRACIELA', 'S', '3614238689', 'F', '19690524')
Insert into administrador(apeynom,viveahi,tel,sexo,fechnac) values ('RATTI MIGUEL L.', 'N', '3614238689', 'M', '19900121')
Insert into administrador(apeynom,viveahi,tel,sexo,fechnac) values ('VILLALBA ¥AMANDU, ALEJAND', 'S', '3614231689', 'M', '19810427')
Insert into administrador(apeynom,viveahi,tel,sexo,fechnac) values ('CACERES ROSA', 'N', '3614232689', 'F', '19801008')
Insert into administrador(apeynom,viveahi,tel,sexo,fechnac) values ('PALACIOS DE F. OLGA', 'S', '3624233689', 'F', '19661017')
Insert into administrador(apeynom,viveahi,tel,sexo,fechnac) values ('GONZALEZ JUANA', 'N', '3614234689', 'F', '19850211')
Insert into administrador(apeynom,viveahi,tel,sexo,fechnac) values ('SAUCEDO LORENZO', 'S', '3614235689', 'M', '19670419')
Insert into administrador(apeynom,viveahi,tel,sexo,fechnac) values ('GONZALEZ DE TORRES TERESA', 'N', '3614236689', 'F', '19940403')
Insert into administrador(apeynom,viveahi,tel,sexo,fechnac) values ('GONZALEZ MIGUEL A.', 'S', '3124237689', 'M', '19870907')
Insert into administrador(apeynom,viveahi,tel,sexo,fechnac) values ('BOGADO MARTA', 'N', '3124238689', 'F', '19841113')
Insert into administrador(apeynom,viveahi,tel,sexo,fechnac) values ('LUQUE ABEL C.', 'S', '3624239689', 'M', '19661210')
Insert into administrador(apeynom,viveahi,tel,sexo,fechnac) values ('MACIEL MARCELINO.', 'N', '3624215689', 'M', '19701009')
Insert into administrador(apeynom,viveahi,tel,sexo,fechnac) values ('CORREA CRISTINA', 'S', '3624225689', 'F', '19851107')
Insert into administrador(apeynom,viveahi,tel,sexo,fechnac) values ('HERMOSILLA LUIS MARCELO', 'N', '3624235689', 'M', '19850501')
Insert into administrador(apeynom,viveahi,tel,sexo,fechnac) values ('ALCARAZ MARIA CRISTINA', 'S', '3634245689', 'F', '19870922')
Insert into administrador(apeynom,viveahi,tel,sexo,fechnac) values ('VARGAS MAMERTO', 'N', '3634255689', 'M', '19891119')
Insert into administrador(apeynom,viveahi,tel,sexo,fechnac) values ('IBARRA FELICITAS', 'S', '3634265689', 'F', '19650914')
Insert into administrador(apeynom,viveahi,tel,sexo,fechnac) values ('GOIRIZ DIEGO', 'N', '3634275689', 'M', '19860809')
Insert into administrador(apeynom,viveahi,tel,sexo,fechnac) values ('SAUCEDO LUIS ALBERTO', 'S', '3634285689', 'M', '19701116')
Insert into administrador(apeynom,viveahi,tel,sexo,fechnac) values ('ESPINOZA JULIO', 'N', '3634295689', 'M', '19901216')
Insert into administrador(apeynom,viveahi,tel,sexo,fechnac) values ('GONZALEZ JOSE S.', 'S', '3634205689', 'M', '19730908')
Insert into administrador(apeynom,viveahi,tel,sexo,fechnac) values ('RIOS SILVESTRE', 'N', '3644215689', 'M', '19730510')
Insert into administrador(apeynom,viveahi,tel,sexo,fechnac) values ('GONZALEZ SONIA RAQUEL', 'S', '3644225689', 'F', '19790313')
Insert into administrador(apeynom,viveahi,tel,sexo,fechnac) values ('GIOVAGNONI KARINA VANESA', 'N', '3644235689', 'F', '19920828')
Insert into administrador(apeynom,viveahi,tel,sexo,fechnac) values ('GONZALEZ RAMON L.', 'S', '3644245689', 'M', '19720713')
Insert into administrador(apeynom,viveahi,tel,sexo,fechnac) values ('ESCOBAR GERONIMO DE LA C.', 'N', '3644255689', 'M', '19651110')
Insert into administrador(apeynom,viveahi,tel,sexo,fechnac) values ('PEREZ CARLOS LUIS', 'S', '3644265689', 'M', '19760424')
Insert into administrador(apeynom,viveahi,tel,sexo,fechnac) values ('MACIEL RAMON ANACLETO', 'N', '3644275689', 'M', '19650316')
Insert into administrador(apeynom,viveahi,tel,sexo,fechnac) values ('MANCUELLO JUSTA', 'S', '3644285689', 'F', '19760127')
Insert into administrador(apeynom,viveahi,tel,sexo,fechnac) values ('ANONI WENCELADO', 'N', '3644295689', 'M', '19660819')
Insert into administrador(apeynom,viveahi,tel,sexo,fechnac) values ('CACERES WALTER', 'S', '3644135689', 'M', '19830206')
Insert into administrador(apeynom,viveahi,tel,sexo,fechnac) values ('PAIVA DE T. CELESTINA', 'N', '3654235689', 'F', '19870127')
Insert into administrador(apeynom,viveahi,tel,sexo,fechnac) values ('BETANCOR HECTOR OSCAR', 'S', '3654335689', 'F', '19700101')
Insert into administrador(apeynom,viveahi,tel,sexo,fechnac) values ('DEL VALLE LAURA ISABEL', 'N', '3654435689', 'F', '19650127')
Insert into administrador(apeynom,viveahi,tel,sexo,fechnac) values ('VALLEJOS CYNTHIA ELIZABET', 'S', '3654535689', 'F', '19691004')
Insert into administrador(apeynom,viveahi,tel,sexo,fechnac) values ('TONELOTTO JUAN CARLOS', 'N', '3654635689', 'M', '19720221')
Insert into administrador(apeynom,viveahi,tel,sexo,fechnac) values ('MEDINA NOEMI GRACIELA', 'S', '3654735689', 'F', '19750921')
Insert into administrador(apeynom,viveahi,tel,sexo,fechnac) values ('GOMEZ DE MAYOL MARIA CEFE', 'N', '3654835689', 'F', '19730107')
Insert into administrador(apeynom,viveahi,tel,sexo,fechnac) values ('ESCOBAR DE B. AMALIA', 'S', '3654935689', 'F', '19660111')
Insert into administrador(apeynom,viveahi,tel,sexo,fechnac) values ('GARCIA MARIA F.', 'N', '3664135689', 'F', '19730306')
Insert into administrador(apeynom,viveahi,tel,sexo,fechnac) values ('LUGO PEDRO', 'S', '3664235689', 'M', '19770707')
Insert into administrador(apeynom,viveahi,tel,sexo,fechnac) values ('OJEDA OMAR', 'N', '3664335689', 'M', '19821127')
Insert into administrador(apeynom,viveahi,tel,sexo,fechnac) values ('IBA¥E CELESTINO', 'S', '3664435689', 'M', '19761213')
Insert into administrador(apeynom,viveahi,tel,sexo,fechnac) values ('BARRIOS MIRTA RAQUEL', 'N', '3664535689', 'F', '19660408')
Insert into administrador(apeynom,viveahi,tel,sexo,fechnac) values ('GONZALEZ GILBERTO J.', 'S', '3664635689', 'M', '19660827')
Insert into administrador(apeynom,viveahi,tel,sexo,fechnac) values ('VALDEZ LEON', 'N', '3664735689', 'M', '19841214')
Insert into administrador(apeynom,viveahi,tel,sexo,fechnac) values ('PARRAS DE ESQUIVEL MARIA', 'S', '3664835689', 'F', '19860223')
Insert into administrador(apeynom,viveahi,tel,sexo,fechnac) values ('MARTINEZ MARIA M.', 'N', '3664935689', 'F', '19810408')
Insert into administrador(apeynom,viveahi,tel,sexo,fechnac) values ('GARRIGA MANUELA', 'S', '3664035689', 'F', '19930620')
Insert into administrador(apeynom,viveahi,tel,sexo,fechnac) values ('AYALA JUAN S.', 'S', '3664135689', 'M', '19771021')
Insert into administrador(apeynom,viveahi,tel,sexo,fechnac) values ('GALEANO CLODOMIRO', 'S', '3674235689', 'M', '19731017')
Insert into administrador(apeynom,viveahi,tel,sexo,fechnac) values ('CANTEROS SEFERINA ISABEL', 'S', '3674335689', 'F', '19801123')
Insert into administrador(apeynom,viveahi,tel,sexo,fechnac) values ('ALVIDES EPIFANIO', 'S', '3674435689', 'M', '19940921')
Insert into administrador(apeynom,viveahi,tel,sexo,fechnac) values ('SERIAL MARTIN', 'S', '3674535689', 'M', '19920508')
Insert into administrador(apeynom,viveahi,tel,sexo,fechnac) values ('CENTIN MIGUEL A. (H)', 'S', '3674635689', 'M', '19820419')
Insert into administrador(apeynom,viveahi,tel,sexo,fechnac) values ('PAREDES, IRMA ISABEL', 'S', '3674735689', 'F', '19840418')
Insert into administrador(apeynom,viveahi,tel,sexo,fechnac) values ('MACIEL JUANA DOLORES', 'S', '3674835689', 'F', '19780424')
Insert into administrador(apeynom,viveahi,tel,sexo,fechnac) values ('AQUINO ADOLFO', 'S', '3674935689', 'M', '19881227')
Insert into administrador(apeynom,viveahi,tel,sexo,fechnac) values ('GONZALEZ DANIEL PABLO', 'N', '3674135689', 'M', '19761224')
Insert into administrador(apeynom,viveahi,tel,sexo,fechnac) values ('TABAREZ FELICITAS', 'N', '3674235689', 'F', '19870118')
Insert into administrador(apeynom,viveahi,tel,sexo,fechnac) values ('TORRES MARIA CEBERA', 'N', '3674335689', 'F', '19820823')
Insert into administrador(apeynom,viveahi,tel,sexo,fechnac) values ('ESPINOSA ELIANA MARIA DE', 'N', '3674435689', 'F', '19800528')
Insert into administrador(apeynom,viveahi,tel,sexo,fechnac) values ('MARTINEZ EDUARDO.', 'N', '3674535689', 'M', '19891211')
Insert into administrador(apeynom,viveahi,tel,sexo,fechnac) values ('VALLEJOS MARIANA ELIZABET', 'N', '3674635689', 'F', '19730827')
Insert into administrador(apeynom,viveahi,tel,sexo,fechnac) values ('CUSICHE MARIA DEL CARMEN', 'N', '3684735689', 'F', '19670611')
Insert into administrador(apeynom,viveahi,tel,sexo,fechnac) values ('VALENZUELA PEDRO', 'N', '3684835689', 'M', '19840125')
Insert into administrador(apeynom,viveahi,tel,sexo,fechnac) values ('BENITEZ ANSELMA B.', 'N', '3684935689', 'F', '19770420')
Insert into administrador(apeynom,viveahi,tel,sexo,fechnac) values ('SOTO HILDA INES', 'N', '3684135689', 'F', '19930522')
Insert into administrador(apeynom,viveahi,tel,sexo,fechnac) values ('TALAVERA JABIER ANDRES', 'N', '3684235689', 'M', '19690326')
Insert into administrador(apeynom,viveahi,tel,sexo,fechnac) values ('DEL VALLE ANDRES', 'N', '3684435689', 'M', '19910907')
Insert into administrador(apeynom,viveahi,tel,sexo,fechnac) values ('CHAPARRO MARIA DELICIA', 'N', '3684535689', 'F', '19911112')
Insert into administrador(apeynom,viveahi,tel,sexo,fechnac) values ('GONZALEZ SERGIO ARIEL', 'S', '3684635689', 'M', '19701012')
Insert into administrador(apeynom,viveahi,tel,sexo,fechnac) values ('CENTURION FELIX GUSTAVO', 'S', '3684735689', 'M', '19740517')
Insert into administrador(apeynom,viveahi,tel,sexo,fechnac) values ('TORRES LUIS.', 'S', '3684835689', 'M', '19940914')
Insert into administrador(apeynom,viveahi,tel,sexo,fechnac) values ('BLANCO ESTEBAN', 'S', '3684835689', 'M', '19890426')
Insert into administrador(apeynom,viveahi,tel,sexo,fechnac) values ('ESCALANTE ERCILIA', 'S', '3684935689', 'F', '19820918')
Insert into administrador(apeynom,viveahi,tel,sexo,fechnac) values ('TORRES ELADIA', 'S', '3684135689', 'F', '19770610')
Insert into administrador(apeynom,viveahi,tel,sexo,fechnac) values ('BORDON A RICARDO OSVALDO', 'S', '3694235689', 'M', '19890313')
Insert into administrador(apeynom,viveahi,tel,sexo,fechnac) values ('FRIAS RAMONA CARLINA', 'S', '3694335689', 'F', '19730315')
Insert into administrador(apeynom,viveahi,tel,sexo,fechnac) values ('AGUIRRE DEMETRIA A.', 'S', '3694435689', 'F', '19880427')
Insert into administrador(apeynom,viveahi,tel,sexo,fechnac) values ('MACIEL JUAN C.', 'S', '3694535689', 'M', '19800711')
Insert into administrador(apeynom,viveahi,tel,sexo,fechnac) values ('SAUCEDO CIRILO', 'S', '3694635689', 'M', '19660919')
Insert into administrador(apeynom,viveahi,tel,sexo,fechnac) values ('ROMERO DE Z. ESTEFANIA', 'S', '3694735689', 'F', '19831202')
Insert into administrador(apeynom,viveahi,tel,sexo,fechnac) values ('RAMIREZ, MANUELA', 'S', '3694835689', 'F', '19930225')
Insert into administrador(apeynom,viveahi,tel,sexo,fechnac) values ('DELVALLE CAROLINA', 'S', '3604935689', 'F', '19910424')
Insert into administrador(apeynom,viveahi,tel,sexo,fechnac) values ('BRITEZ TORIBIO', 'S', '3604035689', 'M', '19791102')
Insert into administrador(apeynom,viveahi,tel,sexo,fechnac) values ('GOYECHEA JESUS A.', 'S', '3604135689', 'M', '19910606')
Insert into administrador(apeynom,viveahi,tel,sexo,fechnac) values ('PELIZARDI JUSTA', 'N', '3604235689', 'F', '19710607')
Insert into administrador(apeynom,viveahi,tel,sexo,fechnac) values ('RAMIREZ CATALINA LIDIA MA', 'N', '3604335689', 'F', '19711203')
Insert into administrador(apeynom,viveahi,tel,sexo,fechnac) values ('OJEDA DE S. RAMONA', 'N', '3604435689', 'F', '19680409')
Insert into administrador(apeynom,viveahi,tel,sexo,fechnac) values ('SAUCEDO JULIAN', 'N', '3604535689', 'M', '19720802')
Insert into administrador(apeynom,viveahi,tel,sexo,fechnac) values ('TORRES MARIA DEL C.', 'N', '3604635689', 'F', '19790522')
Insert into administrador(apeynom,viveahi,tel,sexo,fechnac) values ('RODRIGUEZ CARLOS E.', 'N', '3604735689', 'M', '19871216')
Insert into administrador(apeynom,viveahi,tel,sexo,fechnac) values ('CARDOZO DE B. JUANA', 'N', '3604835689', 'F', '19670517')
Insert into administrador(apeynom,viveahi,tel,sexo,fechnac) values ('AYALA DOLORES', 'N', '3604935689', 'F', '19650313')
Insert into administrador(apeynom,viveahi,tel,sexo,fechnac) values ('OJEDA DE ROLON DEMETRIA C', 'N', '3604035689', 'F', '19901116')
Insert into administrador(apeynom,viveahi,tel,sexo,fechnac) values ('SAUCEDO MARCELINO', 'N', '3604135689', 'M', '19880827')
Insert into administrador(apeynom,viveahi,tel,sexo,fechnac) values ('BRITEZ JOSE', 'S', '3604235689', 'M', '19671103')
Insert into administrador(apeynom,viveahi,tel,sexo,fechnac) values ('OCAMPO GENARA', 'S', '3610335689', 'F', '19710221')
Insert into administrador(apeynom,viveahi,tel,sexo,fechnac) values ('GARCIA GUILLERMINA', 'S', '3614435689', 'F', '19930518')
Insert into administrador(apeynom,viveahi,tel,sexo,fechnac) values ('ACU¥A MARIO', 'S', '3614535689', 'M', '19820425')
Insert into administrador(apeynom,viveahi,tel,sexo,fechnac) values ('BARRIENTOS GRISELDA FLORA', 'S', '3614635689', 'F', '19810301')
Insert into administrador(apeynom,viveahi,tel,sexo,fechnac) values ('BORBA MARIO DEMETRIO', 'S', '3614735689', 'M', '19681120')
Insert into administrador(apeynom,viveahi,tel,sexo,fechnac) values ('TORRES JULIANA I.', 'S', '3614835689', 'F', '19910410')
Insert into administrador(apeynom,viveahi,tel,sexo,fechnac) values ('BOTELO DASILVA', 'S', '3614935689', 'F', '19930820')
Insert into administrador(apeynom,viveahi,tel,sexo,fechnac) values ('DEL VALLE ISABELINO', 'S', '3614035689', 'M', '19690528')
Insert into administrador(apeynom,viveahi,tel,sexo,fechnac) values ('AGUIRRE LUCIO', 'S', '3614135689', 'M', '19840701')
Insert into administrador(apeynom,viveahi,tel,sexo,fechnac) values ('ALEGRE PATRICIA LORENA', 'S', '3614235689', 'F', '19901103')
Insert into administrador(apeynom,viveahi,tel,sexo,fechnac) values ('GONZALEZ V. JULIO C.', 'S', '3614335689', 'M', '19760707')
Insert into administrador(apeynom,viveahi,tel,sexo,fechnac) values ('CARDOZO ELIDES', 'S', '3614435689', 'F', '19870210')
Insert into administrador(apeynom,viveahi,tel,sexo,fechnac) values ('AYALA DE C. EDMUNDA', 'S', '3614535689', 'F', '19680105')
Insert into administrador(apeynom,viveahi,tel,sexo,fechnac) values ('CABRERA, MARTA DEL VALLE', 'S', '3614635689', 'F', '19850407')
Insert into administrador(apeynom,viveahi,tel,sexo,fechnac) values ('GOMEZ DE F. LIDIA', 'S', '3614735689', 'F', '19760811')
Insert into administrador(apeynom,viveahi,tel,sexo,fechnac) values ('BERGARA RAMON', 'N', '3614835689', 'M', '19730801')
Insert into administrador(apeynom,viveahi,tel,sexo,fechnac) values ('JACQUET PRIMITIVA', 'N', '3634935689', 'F', '19661202')
Insert into administrador(apeynom,viveahi,tel,sexo,fechnac) values ('MARTINEZ ALBERTO', 'N', '3634035689', 'M', '19800920')
Insert into administrador(apeynom,viveahi,tel,sexo,fechnac) values ('ACU¥A NILDA', 'N', '3634135689', 'F', '19910320')
Insert into administrador(apeynom,viveahi,tel,sexo,fechnac) values ('PACHECO MANUEL', 'N', '3634235689', 'M', '19750207')
Insert into administrador(apeynom,viveahi,tel,sexo,fechnac) values ('GOMEZ CATALINO', 'N', '3634335689', 'M', '19830627')
Insert into administrador(apeynom,viveahi,tel,sexo,fechnac) values ('MERLO NILDA OFELIA', 'N', '3634435689', 'F', '19731206')
Insert into administrador(apeynom,viveahi,tel,sexo,fechnac) values ('MARTINEZ ABRAHAM', 'N', '3634535689', 'F', '19830814')
Insert into administrador(apeynom,viveahi,tel,sexo,fechnac) values ('TABAREZ ANTONIA', 'N', '3634635689', 'F', '19680915')
Insert into administrador(apeynom,viveahi,tel,sexo,fechnac) values ('BARRIENTOS JUAN CARLOS', 'N', '3634735689', 'F', '19941004')
Insert into administrador(apeynom,viveahi,tel,sexo,fechnac) values ('RODRIGUEZ MONICA ANTONIA', 'N', '3634835689', 'F', '19671012')
Insert into administrador(apeynom,viveahi,tel,sexo,fechnac) values ('BOTELLO DASILVA GUSTAVO', 'N', '3634935689', 'M', '19710928')
Insert into administrador(apeynom,viveahi,tel,sexo,fechnac) values ('GODOY ANDRES', 'N', '3634035689', 'M', '19870209')
Insert into administrador(apeynom,viveahi,tel,sexo,fechnac) values ('TABAREZ UBALDO', 'N', '3634135689', 'M', '19651006')
Insert into administrador(apeynom,viveahi,tel,sexo,fechnac) values ('GOMEZ RAMONA', 'N', '3634235689', 'F', '19730422')
Insert into administrador(apeynom,viveahi,tel,sexo,fechnac) values ('GOMEZ RAUL ORACIO', 'N', '3644335689', 'M', '19920317')
Insert into administrador(apeynom,viveahi,tel,sexo,fechnac) values ('TORRES LUIS', 'N', '3644435689', 'M', '19920815')
Insert into administrador(apeynom,viveahi,tel,sexo,fechnac) values ('BARRIOS PAULINO', 'N', '3644535689', 'M', '19811116')
Insert into administrador(apeynom,viveahi,tel,sexo,fechnac) values ('BLANCO MIGUEL T.', 'S', '3644635689', 'M', '19800219')
Insert into administrador(apeynom,viveahi,tel,sexo,fechnac) values ('RAMIREZ ALBERTO', 'N', '3644735689', 'M', '19790802')
Insert into administrador(apeynom,viveahi,tel,sexo,fechnac) values ('GIMENEZ ELEUTERIO R.', 'S', '3644835689', 'M', '19830427')
Insert into administrador(apeynom,viveahi,tel,sexo,fechnac) values ('VERA NICASIO', 'N', '3644935689', 'M', '19891103')
Insert into administrador(apeynom,viveahi,tel,sexo,fechnac) values ('GONZALEZ ANASTACIA', 'S', '3644035689', 'F', '19940625')
Insert into administrador(apeynom,viveahi,tel,sexo,fechnac) values ('GONZALEZ LORENZA', 'N', '3641235689', 'F', '19851128')
Insert into administrador(apeynom,viveahi,tel,sexo,fechnac) values ('GOMEZ RAUL HORACIO', 'S', '3642235689', 'M', '19780119')
Insert into administrador(apeynom,viveahi,tel,sexo,fechnac) values ('VALLEJOS ROSALIA', 'N', '3653235689', 'F', '19660801')
Insert into administrador(apeynom,viveahi,tel,sexo,fechnac) values ('TORRES JOSE A.', 'S', '3654235689', 'M', '19880428')
Insert into administrador(apeynom,viveahi,tel,sexo,fechnac) values ('GALARZA MARTINIANA', 'N', '3655235689', 'F', '19651113')
Insert into administrador(apeynom,viveahi,tel,sexo,fechnac) values ('BOBADILLA PETRONA RAFAELA', 'S', '3656235689', 'F', '19790624')
Insert into administrador(apeynom,viveahi,tel,sexo,fechnac) values ('DEL VALLE ROGELIO', 'N', '3657235689', 'M', '19880303')
Insert into administrador(apeynom,viveahi,tel,sexo,fechnac) values ('NAVARRO ESPINOZA FIDELA', 'S', '3658235689', 'F', '19900408')
Insert into administrador(apeynom,viveahi,tel,sexo,fechnac) values ('MEZA ESTANISLAO', 'N', '3659235689', 'M', '19920519')
Insert into administrador(apeynom,viveahi,tel,sexo,fechnac) values ('ADUANA EST.NAC.ARG.', 'S', '3650235689', 'M', '19730302')
Insert into administrador(apeynom,viveahi,tel,sexo,fechnac) values ('ARMOA DEMETRIA', 'N', '3651235689', 'F', '19920815')
Insert into administrador(apeynom,viveahi,tel,sexo,fechnac) values ('LUGO DE R. RAMONA', 'S', '3652235689', 'F', '19751018')
Insert into administrador(apeynom,viveahi,tel,sexo,fechnac) values ('LOPEZ ELOYSA', 'N', '3653235689', 'F', '19890608')
Insert into administrador(apeynom,viveahi,tel,sexo,fechnac) values ('LOPEZ CONRADO', 'S', '3654235689', 'M', '19831026')
Insert into administrador(apeynom,viveahi,tel,sexo,fechnac) values ('TALAVERA CONSTANCIA', 'N', '3655235689', 'F', '19860102')
Insert into administrador(apeynom,viveahi,tel,sexo,fechnac) values ('VARGAS MIGUEL', 'S', '3676235689', 'M', '19860315')
Insert into administrador(apeynom,viveahi,tel,sexo,fechnac) values ('MACIEL PAULINA', 'N', '3677235689', 'F', '19700318')
Insert into administrador(apeynom,viveahi,tel,sexo,fechnac) values ('SAUCEDO FAUSTINA', 'S', '3678235689', 'F', '19870723')
Insert into administrador(apeynom,viveahi,tel,sexo,fechnac) values ('GONZALEZ LIDIA ESTER', 'N', '3671235689', 'F', '19841120')
Insert into administrador(apeynom,viveahi,tel,sexo,fechnac) values ('ARAUJO GUILLERMO JOSE', 'S', '3672235689', 'M', '19851013')


-- select * from administrador

GO
-----------------
-- Consorcios
-----------------
INSERT INTO consorcio(idprovincia,idlocalidad,idconsorcio, Nombre,direccion,idzona,idconserje,idadmin) VALUES (1, 1, 1, 'EDIFICIO-111', 'PARAGUAY Nº 630', 5, 100, 1)
INSERT INTO consorcio(idprovincia,idlocalidad,idconsorcio, Nombre,direccion,idzona,idconserje,idadmin) VALUES (1, 2, 2, 'EDIFICIO-122', 'Bº 250 VIV SEC 2 MZ 4 CSA Nº 2', 5, 99, 2)
INSERT INTO consorcio(idprovincia,idlocalidad,idconsorcio, Nombre,direccion,idzona,idconserje,idadmin) VALUES (2, 48, 1, 'EDIFICIO-2481', 'SAN LUIS Nº 1035, 4º piso, Dpto c', 4, 98, 3)
INSERT INTO consorcio(idprovincia,idlocalidad,idconsorcio, Nombre,direccion,idzona,idconserje,idadmin) VALUES (2, 55, 2, 'EDIFICIO-2552', 'REMEDIOS DE ESCALADA Nº 5353', 3, 97, 4)
INSERT INTO consorcio(idprovincia,idlocalidad,idconsorcio, Nombre,direccion,idzona,idconserje,idadmin) VALUES (3, 16, 1, 'EDIFICIO-3161', 'Bº VENEZUELA, GR.4, MZ.21,C.2', 2, 96, 5)
INSERT INTO consorcio(idprovincia,idlocalidad,idconsorcio, Nombre,direccion,idzona,idconserje,idadmin) VALUES (3, 20, 2, 'EDIFICIO-3202', 'LAVALLE Nº 1386', 3, 95, 6)
INSERT INTO consorcio(idprovincia,idlocalidad,idconsorcio, Nombre,direccion,idzona,idconserje,idadmin) VALUES (3, 25, 3, 'EDIFICIO-3253', 'JOSE G OMEZ Nº 770', 4, 94, 7)
INSERT INTO consorcio(idprovincia,idlocalidad,idconsorcio, Nombre,direccion,idzona,idconserje,idadmin) VALUES (3, 27, 4, 'EDIFICIO-3274', 'MARIANO MORENO Nº 1626, 2º piso, Dpto D', 4, 93, 8)
INSERT INTO consorcio(idprovincia,idlocalidad,idconsorcio, Nombre,direccion,idzona,idconserje,idadmin) VALUES (3, 29, 5, 'EDIFICIO-3295', 'MZ1 PC6 C26 Bº SANTA BARBARA', 5, 92, 9)
INSERT INTO consorcio(idprovincia,idlocalidad,idconsorcio, Nombre,direccion,idzona,idconserje,idadmin) VALUES (4, 21, 1, 'EDIFICIO-4211', 'COMANDANTE FONTANA Nº 174, -º piso, Dpto -', 6, 91, 10)
INSERT INTO consorcio(idprovincia,idlocalidad,idconsorcio, Nombre,direccion,idzona,idconserje,idadmin) VALUES (4, 36, 2, 'EDIFICIO-4362', 'SAN MARTIN Nº 2195, PAº piso, Dpto 1', 4, 90, 11)
INSERT INTO consorcio(idprovincia,idlocalidad,idconsorcio, Nombre,direccion,idzona,idconserje,idadmin) VALUES (4, 37, 3, 'EDIFICIO-4373', 'PADRE BORGATTI Y MORENO', 1, 89, 12)
INSERT INTO consorcio(idprovincia,idlocalidad,idconsorcio, Nombre,direccion,idzona,idconserje,idadmin) VALUES (5, 3, 1, 'EDIFICIO-531', 'JULIO A. ROCA Nº 1281', 6, 88, 13)
INSERT INTO consorcio(idprovincia,idlocalidad,idconsorcio, Nombre,direccion,idzona,idconserje,idadmin) VALUES (5, 4, 2, 'EDIFICIO-542', 'Bº L.SECA, 119VIV. STOR A, CASA 3', 2, 87, 14)
INSERT INTO consorcio(idprovincia,idlocalidad,idconsorcio, Nombre,direccion,idzona,idconserje,idadmin) VALUES (5, 12, 3, 'EDIFICIO-5123', 'BELGRANO Nº 2481', 4, 86, 15)
INSERT INTO consorcio(idprovincia,idlocalidad,idconsorcio, Nombre,direccion,idzona,idconserje,idadmin) VALUES (5, 12, 4, 'EDIFICIO-5124', 'FRANKLIN Nº 524, -º piso, Dpto -, Unidad -', 6, 85, 16)
INSERT INTO consorcio(idprovincia,idlocalidad,idconsorcio, Nombre,direccion,idzona,idconserje,idadmin) VALUES (5, 14, 5, 'EDIFICIO-5145', 'ESPA&AMP;AMP;AMP;NTILDE;A Nº 825', 5, 84, 17)
INSERT INTO consorcio(idprovincia,idlocalidad,idconsorcio, Nombre,direccion,idzona,idconserje,idadmin) VALUES (6, 33, 1, 'EDIFICIO-6331', 'AV PUJOL Nº 1876, 5º piso, Dpto 1, Unidad 1', 6, 83, 18)
INSERT INTO consorcio(idprovincia,idlocalidad,idconsorcio, Nombre,direccion,idzona,idconserje,idadmin) VALUES (6, 45, 2, 'EDIFICIO-6452', 'SAN MARTIN  Nº 345', 3, 82, 19)
INSERT INTO consorcio(idprovincia,idlocalidad,idconsorcio, Nombre,direccion,idzona,idconserje,idadmin) VALUES (6, 85, 3, 'EDIFICIO-6853', 'GOBERNADOR GALLINO Nº 635', 4, 81, 20)
INSERT INTO consorcio(idprovincia,idlocalidad,idconsorcio, Nombre,direccion,idzona,idconserje,idadmin) VALUES (6, 106, 4, 'EDIFICIO-61064', 'PEDRO ESNAOLA (CAMPUS) Nº 5328', 4, 80, 21)
INSERT INTO consorcio(idprovincia,idlocalidad,idconsorcio, Nombre,direccion,idzona,idconserje,idadmin) VALUES (6, 112, 5, 'EDIFICIO-61125', 'Bº60 VIV. MOLINA PUNTA CASA 30', 3, 79, 22)
INSERT INTO consorcio(idprovincia,idlocalidad,idconsorcio, Nombre,direccion,idzona,idconserje,idadmin) VALUES (8, 5, 1, 'EDIFICIO-851', 'BOUZADA Nº 733', 6, 78, 23)
INSERT INTO consorcio(idprovincia,idlocalidad,idconsorcio, Nombre,direccion,idzona,idconserje,idadmin) VALUES (8, 17, 2, 'EDIFICIO-8172', 'JUJUY Nº 1171', 2, 77, 24)
INSERT INTO consorcio(idprovincia,idlocalidad,idconsorcio, Nombre,direccion,idzona,idconserje,idadmin) VALUES (8, 26, 3, 'EDIFICIO-8263', 'PLUMERILLO Nº 1747', 4, 76, 25)
INSERT INTO consorcio(idprovincia,idlocalidad,idconsorcio, Nombre,direccion,idzona,idconserje,idadmin) VALUES (8, 31, 4, 'EDIFICIO-8314', 'LISANDRO SEGOVIA Nº 1924', 1, 75, 26)
INSERT INTO consorcio(idprovincia,idlocalidad,idconsorcio, Nombre,direccion,idzona,idconserje,idadmin) VALUES (8, 31, 5, 'EDIFICIO-8315', 'MARIANO MORENO Nº 1812', 2, 74, 27)
INSERT INTO consorcio(idprovincia,idlocalidad,idconsorcio, Nombre,direccion,idzona,idconserje,idadmin) VALUES (8, 31, 6, 'EDIFICIO-8316', 'SAN MARTIN Nº 1226, Dpto 9', 5, 73, 28)
INSERT INTO consorcio(idprovincia,idlocalidad,idconsorcio, Nombre,direccion,idzona,idconserje,idadmin) VALUES (8, 35, 7, 'EDIFICIO-8357', 'CATAMARCA Nº 1858', 5, 72, 29)
INSERT INTO consorcio(idprovincia,idlocalidad,idconsorcio, Nombre,direccion,idzona,idconserje,idadmin) VALUES (8, 35, 8, 'EDIFICIO-8358', 'LAS PIEDRAS Nº 1173', 2, 71, 30)
INSERT INTO consorcio(idprovincia,idlocalidad,idconsorcio, Nombre,direccion,idzona,idconserje,idadmin) VALUES (8, 40, 9, 'EDIFICIO-8409', '9 DE JULIO Nº 2220, 2º piso, Dpto E', 3, 70, 31)
INSERT INTO consorcio(idprovincia,idlocalidad,idconsorcio, Nombre,direccion,idzona,idconserje,idadmin) VALUES (8, 42, 10, 'EDIFICIO-84210', 'SAN LORENZO Nº 1628, 3º piso, Dpto B', 5, 69, 32)
INSERT INTO consorcio(idprovincia,idlocalidad,idconsorcio, Nombre,direccion,idzona,idconserje,idadmin) VALUES (9, 14, 1, 'EDIFICIO-9141', 'NEUQUEN Y JUJUY Nº s/n', 2, 68, 33)
INSERT INTO consorcio(idprovincia,idlocalidad,idconsorcio, Nombre,direccion,idzona,idconserje,idadmin) VALUES (9, 15, 2, 'EDIFICIO-9152', 'BARRIO DORADO 4TA. SECTOR A2, Dpto 5, Unidad 1', 4, 67, 34)
INSERT INTO consorcio(idprovincia,idlocalidad,idconsorcio, Nombre,direccion,idzona,idconserje,idadmin) VALUES (9, 18, 3, 'EDIFICIO-9183', 'BARRIO COMPLEJO MALVINAS MZ 86 MONOB. 2, 2º piso, Dpto J 62', 6, 66, 35)
INSERT INTO consorcio(idprovincia,idlocalidad,idconsorcio, Nombre,direccion,idzona,idconserje,idadmin) VALUES (10, 11, 1, 'EDIFICIO-10111', 'BRASIL Nº 1147, 2º piso, Dpto 2', 2, 65, 36)
INSERT INTO consorcio(idprovincia,idlocalidad,idconsorcio, Nombre,direccion,idzona,idconserje,idadmin) VALUES (10, 14, 2, 'EDIFICIO-10142', 'AV 9 DE JULIO Nº 4935', 3, 64, 37)
INSERT INTO consorcio(idprovincia,idlocalidad,idconsorcio, Nombre,direccion,idzona,idconserje,idadmin) VALUES (10, 15, 3, 'EDIFICIO-10153', 'AV. LIVERTAD Nº 5059', 2, 63, 38)
INSERT INTO consorcio(idprovincia,idlocalidad,idconsorcio, Nombre,direccion,idzona,idconserje,idadmin) VALUES (11, 3, 1, 'EDIFICIO-1131', 'MORENO Nº 1716, Dpto 1', 3, 62, 39)
INSERT INTO consorcio(idprovincia,idlocalidad,idconsorcio, Nombre,direccion,idzona,idconserje,idadmin) VALUES (11, 5, 2, 'EDIFICIO-1152', 'ECUADOR Nº 3633', 1, 61, 40)
INSERT INTO consorcio(idprovincia,idlocalidad,idconsorcio, Nombre,direccion,idzona,idconserje,idadmin) VALUES (11, 5, 3, 'EDIFICIO-1153', 'MURCIA Nº 269', 6, 60, 41)
INSERT INTO consorcio(idprovincia,idlocalidad,idconsorcio, Nombre,direccion,idzona,idconserje,idadmin) VALUES (11, 26, 4, 'EDIFICIO-11264', 'PASAJE DODERO Nº 2440', 5, 59, 42)
INSERT INTO consorcio(idprovincia,idlocalidad,idconsorcio, Nombre,direccion,idzona,idconserje,idadmin) VALUES (11, 35, 5, 'EDIFICIO-11355', 'BLAS PARERA Nº 1961, 1º piso, Dpto 1, Unidad -', 2, 58, 43)
INSERT INTO consorcio(idprovincia,idlocalidad,idconsorcio, Nombre,direccion,idzona,idconserje,idadmin) VALUES (12, 2, 1, 'EDIFICIO-1221', 'BELGRANO Nº 1771', 2, 57, 44)
INSERT INTO consorcio(idprovincia,idlocalidad,idconsorcio, Nombre,direccion,idzona,idconserje,idadmin) VALUES (12, 3, 2, 'EDIFICIO-1232', 'CASTELLI Nº 1895', 6, 56, 45)
INSERT INTO consorcio(idprovincia,idlocalidad,idconsorcio, Nombre,direccion,idzona,idconserje,idadmin) VALUES (12, 5, 3, 'EDIFICIO-1253', 'MORENO Nº 1882', 2, 55, 46)
INSERT INTO consorcio(idprovincia,idlocalidad,idconsorcio, Nombre,direccion,idzona,idconserje,idadmin) VALUES (12, 7, 4, 'EDIFICIO-1274', 'AEROPUERTO P. NIVEYRO 250VIVIENDAS, MZ I Nº 21', 2, 54, 47)
INSERT INTO consorcio(idprovincia,idlocalidad,idconsorcio, Nombre,direccion,idzona,idconserje,idadmin) VALUES (12, 16, 5, 'EDIFICIO-12165', 'PJE LUJAMBIO Nº 193', 6, 53, 48)
INSERT INTO consorcio(idprovincia,idlocalidad,idconsorcio, Nombre,direccion,idzona,idconserje,idadmin) VALUES (12, 17, 6, 'EDIFICIO-12176', 'ESTADO DE ISRAEL Nº 2854, -º piso, Dpto -, Unidad -', 4, 52, 49)
INSERT INTO consorcio(idprovincia,idlocalidad,idconsorcio, Nombre,direccion,idzona,idconserje,idadmin) VALUES (13, 3, 1, 'EDIFICIO-1331', 'ENTRE RIOS Nº 2165, 1º piso, Dpto 1', 5, 51, 50)
INSERT INTO consorcio(idprovincia,idlocalidad,idconsorcio, Nombre,direccion,idzona,idconserje,idadmin) VALUES (13, 10, 2, 'EDIFICIO-13102', 'ITA IBATE  Nº 3200', 6, 50, 51)
INSERT INTO consorcio(idprovincia,idlocalidad,idconsorcio, Nombre,direccion,idzona,idconserje,idadmin) VALUES (13, 12, 3, 'EDIFICIO-13123', 'ROCA Nº 1556', 6, 49, 52)
INSERT INTO consorcio(idprovincia,idlocalidad,idconsorcio, Nombre,direccion,idzona,idconserje,idadmin) VALUES (14, 8, 1, 'EDIFICIO-1481', 'Bª LAGUNA SECA 310 VDS.SECTOR 15 CASA 87', 5, 48, 53)
INSERT INTO consorcio(idprovincia,idlocalidad,idconsorcio, Nombre,direccion,idzona,idconserje,idadmin) VALUES (14, 36, 2, 'EDIFICIO-14362', 'BARRIO LAG SECA 215 VIV SC:16 CS Nº 14', 6, 47, 54)
INSERT INTO consorcio(idprovincia,idlocalidad,idconsorcio, Nombre,direccion,idzona,idconserje,idadmin) VALUES (14, 41, 3, 'EDIFICIO-14413', 'PASAJE HERRERA Nº 3587', 1, 46, 55)
INSERT INTO consorcio(idprovincia,idlocalidad,idconsorcio, Nombre,direccion,idzona,idconserje,idadmin) VALUES (14, 42, 4, 'EDIFICIO-14424', 'PEDRO NUMA SOTO (CONT. PARAGUAY) Nº 1640, 1º piso, Dpto U, Unidad -', 2, 45, 56)
INSERT INTO consorcio(idprovincia,idlocalidad,idconsorcio, Nombre,direccion,idzona,idconserje,idadmin) VALUES (14, 48, 5, 'EDIFICIO-14485', 'GUTEMBERG Nº 1761, 1º piso, Dpto 4', 5, 44, 57)
INSERT INTO consorcio(idprovincia,idlocalidad,idconsorcio, Nombre,direccion,idzona,idconserje,idadmin) VALUES (15, 5, 1, 'EDIFICIO-1551', 'ECUADOR Nº 1588, 2º piso, Dpto A', 3, 43, 58)
INSERT INTO consorcio(idprovincia,idlocalidad,idconsorcio, Nombre,direccion,idzona,idconserje,idadmin) VALUES (15, 7, 2, 'EDIFICIO-1572', 'MORA Nº 169, -º piso, Dpto 3, Unidad -', 2, 42, 59)
INSERT INTO consorcio(idprovincia,idlocalidad,idconsorcio, Nombre,direccion,idzona,idconserje,idadmin) VALUES (15, 13, 3, 'EDIFICIO-15133', 'AV. RODRíGUEZ PEñA Nº 999, -º piso, Dpto -, Unidad -', 5, 41, 60)
INSERT INTO consorcio(idprovincia,idlocalidad,idconsorcio, Nombre,direccion,idzona,idconserje,idadmin) VALUES (15, 13, 4, 'EDIFICIO-15134', 'SAN MARTIN Nº 2710', 1, 40, 61)
INSERT INTO consorcio(idprovincia,idlocalidad,idconsorcio, Nombre,direccion,idzona,idconserje,idadmin) VALUES (15, 18, 5, 'EDIFICIO-15185', 'AYACUCHO Nº 3115', 6, 39, 62)
INSERT INTO consorcio(idprovincia,idlocalidad,idconsorcio, Nombre,direccion,idzona,idconserje,idadmin) VALUES (15, 20, 6, 'EDIFICIO-15206', 'LAVALLE Nº 1470', 6, 38, 63)
INSERT INTO consorcio(idprovincia,idlocalidad,idconsorcio, Nombre,direccion,idzona,idconserje,idadmin) VALUES (15, 25, 7, 'EDIFICIO-15257', 'AVENIDA MAIPU Nº km 5, -º piso, Dpto -, Unidad -', 2, 37, 64)
INSERT INTO consorcio(idprovincia,idlocalidad,idconsorcio, Nombre,direccion,idzona,idconserje,idadmin) VALUES (16, 4, 1, 'EDIFICIO-1641', 'AV. J. R. FERNANDEZ Nº 320', 3, 36, 65)
INSERT INTO consorcio(idprovincia,idlocalidad,idconsorcio, Nombre,direccion,idzona,idconserje,idadmin) VALUES (16, 7, 2, 'EDIFICIO-1672', 'TENIENTE CUNDON Nº 1593', 6, 35, 66)
INSERT INTO consorcio(idprovincia,idlocalidad,idconsorcio, Nombre,direccion,idzona,idconserje,idadmin) VALUES (16, 29, 3, 'EDIFICIO-16293', 'SAN MARTIN Nº 2134, 1º piso, Dpto 29', 6, 34, 67)
INSERT INTO consorcio(idprovincia,idlocalidad,idconsorcio, Nombre,direccion,idzona,idconserje,idadmin) VALUES (17, 7, 1, 'EDIFICIO-1771', 'B° 122 VIV. MZ. 8 CASA 97', 4, 33, 68)
INSERT INTO consorcio(idprovincia,idlocalidad,idconsorcio, Nombre,direccion,idzona,idconserje,idadmin) VALUES (17, 11, 2, 'EDIFICIO-17112', 'B SERANTES G12 MZD C1 100VDAS Nº -, -º piso, Dpto -, Unidad -', 3, 32, 69)
INSERT INTO consorcio(idprovincia,idlocalidad,idconsorcio, Nombre,direccion,idzona,idconserje,idadmin) VALUES (17, 13, 3, 'EDIFICIO-17133', 'Bº 70 VIV. MZ 2 PC 27', 4, 31, 70)
INSERT INTO consorcio(idprovincia,idlocalidad,idconsorcio, Nombre,direccion,idzona,idconserje,idadmin) VALUES (17, 14, 4, 'EDIFICIO-17144', 'SAN LORENZO Nº 528', 6, 30, 71)
INSERT INTO consorcio(idprovincia,idlocalidad,idconsorcio, Nombre,direccion,idzona,idconserje,idadmin) VALUES (17, 22, 5, 'EDIFICIO-17225', 'PIZZURNO Nº 4302, º piso, Dpto 00000, Unidad ', 6, 29, 72)
INSERT INTO consorcio(idprovincia,idlocalidad,idconsorcio, Nombre,direccion,idzona,idconserje,idadmin) VALUES (18, 3, 1, 'EDIFICIO-1831', 'AVENIDA ARMENIA Nº 2901, 5º piso, Dpto A', 5, 28, 73)
INSERT INTO consorcio(idprovincia,idlocalidad,idconsorcio, Nombre,direccion,idzona,idconserje,idadmin) VALUES (18, 4, 2, 'EDIFICIO-1842', 'BO EX AERO CLUB 160VIV Nº 32', 1, 27, 74)
INSERT INTO consorcio(idprovincia,idlocalidad,idconsorcio, Nombre,direccion,idzona,idconserje,idadmin) VALUES (18, 8, 3, 'EDIFICIO-1883', 'SAN LORENZO Nº 2137', 3, 26, 75)
INSERT INTO consorcio(idprovincia,idlocalidad,idconsorcio, Nombre,direccion,idzona,idconserje,idadmin) VALUES (18, 20, 4, 'EDIFICIO-18204', 'HIPOLITO IRIGOYEN Nº 860', 3, 25, 76)
INSERT INTO consorcio(idprovincia,idlocalidad,idconsorcio, Nombre,direccion,idzona,idconserje,idadmin) VALUES (19, 2, 1, 'EDIFICIO-1921', 'MORENO Nº 1873, 1º piso, Dpto A, Unidad -', 5, 24, 77)
INSERT INTO consorcio(idprovincia,idlocalidad,idconsorcio, Nombre,direccion,idzona,idconserje,idadmin) VALUES (19, 5, 2, 'EDIFICIO-1952', 'BOLIVAR  Nº 1237, 1º piso, Dpto 20, Unidad 1', 5, 23, 78)
INSERT INTO consorcio(idprovincia,idlocalidad,idconsorcio, Nombre,direccion,idzona,idconserje,idadmin) VALUES (19, 9, 3, 'EDIFICIO-1993', 'MORENO Nº 1873, 1º piso, Dpto A, Unidad -', 6, 22, 79)
INSERT INTO consorcio(idprovincia,idlocalidad,idconsorcio, Nombre,direccion,idzona,idconserje,idadmin) VALUES (19, 15, 4, 'EDIFICIO-19154', 'MARCO SASTRE Nº 549', 6, 21, 80)
INSERT INTO consorcio(idprovincia,idlocalidad,idconsorcio, Nombre,direccion,idzona,idconserje,idadmin) VALUES (20, 1, 1, 'EDIFICIO-2011', 'BARRIO 3 DE ABRIL Nº -, -º piso, Dpto -, Unidad -', 2, 20, 81)
INSERT INTO consorcio(idprovincia,idlocalidad,idconsorcio, Nombre,direccion,idzona,idconserje,idadmin) VALUES (20, 9, 2, 'EDIFICIO-2092', 'NECOCHEA Nº 856', 4, 19, 82)
INSERT INTO consorcio(idprovincia,idlocalidad,idconsorcio, Nombre,direccion,idzona,idconserje,idadmin) VALUES (20, 11, 3, 'EDIFICIO-20113', 'B. LAG SECA 70 VIV. BANCARIAS SEC. 211 A CASA 15, -º piso, Dpto -, Unidad -', 1, 18, 83)
INSERT INTO consorcio(idprovincia,idlocalidad,idconsorcio, Nombre,direccion,idzona,idconserje,idadmin) VALUES (20, 14, 4, 'EDIFICIO-20144', 'JUJUY Nº 991, 1º piso, Dpto 1', 5, 17, 84)
INSERT INTO consorcio(idprovincia,idlocalidad,idconsorcio, Nombre,direccion,idzona,idconserje,idadmin) VALUES (21, 18, 1, 'EDIFICIO-21181', 'CHILE Nº 1715', 1, 16, 85)
INSERT INTO consorcio(idprovincia,idlocalidad,idconsorcio, Nombre,direccion,idzona,idconserje,idadmin) VALUES (21, 32, 2, 'EDIFICIO-21322', 'AVENIDA LIBERTAD Nº 5245, pbº piso, Dpto 9, Unidad 1', 5, 15, 86)
INSERT INTO consorcio(idprovincia,idlocalidad,idconsorcio, Nombre,direccion,idzona,idconserje,idadmin) VALUES (21, 54, 3, 'EDIFICIO-21543', 'JUJUY Nº 1479, 1º piso, Unidad -', 4, 14, 87)
INSERT INTO consorcio(idprovincia,idlocalidad,idconsorcio, Nombre,direccion,idzona,idconserje,idadmin) VALUES (22, 3, 1, 'EDIFICIO-2231', 'AEROPUERTO P. NIVEYRO 250VIVIENDAS, MZ I Nº 21', 3, 13, 88)
INSERT INTO consorcio(idprovincia,idlocalidad,idconsorcio, Nombre,direccion,idzona,idconserje,idadmin) VALUES (22, 5, 2, 'EDIFICIO-2252', 'J. R. FERNANDEZ Nº 361, 1º piso, Dpto 2', 4, 12, 89)
INSERT INTO consorcio(idprovincia,idlocalidad,idconsorcio, Nombre,direccion,idzona,idconserje,idadmin) VALUES (22, 25, 3, 'EDIFICIO-22253', 'URUGUAY Nº 785, 4º piso, Dpto 2', 5, 11, 90)
INSERT INTO consorcio(idprovincia,idlocalidad,idconsorcio, Nombre,direccion,idzona,idconserje,idadmin) VALUES (22, 32, 4, 'EDIFICIO-22324', 'PARAGUAY Nº 630', 5, 10, 91)
INSERT INTO consorcio(idprovincia,idlocalidad,idconsorcio, Nombre,direccion,idzona,idconserje,idadmin) VALUES (23, 1, 1, 'EDIFICIO-2311', 'LUIS ZAMBRINI Nº 527', 6, 9, 92)
INSERT INTO consorcio(idprovincia,idlocalidad,idconsorcio, Nombre,direccion,idzona,idconserje,idadmin) VALUES (23, 2, 2, 'EDIFICIO-2322', 'SAN LUIS Nº 860, PBº piso', 3, 8, 93)
INSERT INTO consorcio(idprovincia,idlocalidad,idconsorcio, Nombre,direccion,idzona,idconserje,idadmin) VALUES (23, 2, 3, 'EDIFICIO-2323', 'PLACIDO MARTINEZ  Nº 1271', 2, 7, 94)
INSERT INTO consorcio(idprovincia,idlocalidad,idconsorcio, Nombre,direccion,idzona,idconserje,idadmin) VALUES (24, 4, 1, 'EDIFICIO-2441', 'LOS TILOS Nº 907', 3, 6, 95)
INSERT INTO consorcio(idprovincia,idlocalidad,idconsorcio, Nombre,direccion,idzona,idconserje,idadmin) VALUES (24, 7, 2, 'EDIFICIO-2472', 'JUNIN Nº 1791, 2º piso, Dpto D', 2, 5, 96)
INSERT INTO consorcio(idprovincia,idlocalidad,idconsorcio, Nombre,direccion,idzona,idconserje,idadmin) VALUES (24, 10, 3, 'EDIFICIO-24103', 'ECUADOR Nº 1588, 2º piso, Dpto A', 6, 4, 97)
INSERT INTO consorcio(idprovincia,idlocalidad,idconsorcio, Nombre,direccion,idzona,idconserje,idadmin) VALUES (24, 13, 4, 'EDIFICIO-24134', 'FOTHERIGHAM Nº 4168', 5, 3, 98)
INSERT INTO consorcio(idprovincia,idlocalidad,idconsorcio, Nombre,direccion,idzona,idconserje,idadmin) VALUES (24, 14, 5, 'EDIFICIO-24145', 'HIPOLITO IRIGOYEN Nº 1805, PBº piso', 3, 2, 99)
INSERT INTO consorcio(idprovincia,idlocalidad,idconsorcio, Nombre,direccion,idzona,idconserje,idadmin) VALUES (24, 17, 6, 'EDIFICIO-24176', 'RIVADAVIA Nº 1778', 1, 1, 100)


GO
-------------------
-- TIPO de Gastos 
-------------------
Insert into tipogasto (idtipogasto, descripcion) values (1,'Servicios')
Insert into tipogasto (idtipogasto, descripcion) values (2,'Limpieza')
Insert into tipogasto (idtipogasto, descripcion) values (3,'Sueldos')
Insert into tipogasto (idtipogasto, descripcion) values (4,'Aportes')
Insert into tipogasto (idtipogasto, descripcion) values (5,'OTROS')


GO
-- Variables para controlar el bucle de inserciónnn
DECLARE @RowCount INT = 0;
DECLARE @TotalRows INT = 1000000; -- Número total de registros a insertar

-- Inicio del bucle de inserción
WHILE @RowCount < @TotalRows
BEGIN
    -- Generar datos aleatorios
    DECLARE @idprovincia INT;
    DECLARE @idlocalidad INT;
    DECLARE @idconsorcio INT;
    
    -- valores aleatorios para idprovincia, idlocalidad e idconsorcio de la tabla "consorcio"
    SELECT TOP 1 @idprovincia = idprovincia, @idlocalidad = idlocalidad, @idconsorcio = idconsorcio
    FROM consorcio
    ORDER BY NEWID();							--genera valores entre 1 y 24
    
								-- aleatorio entre 1 y 9
    DECLARE @periodo INT = FLOOR(RAND() * 9) + 1;; 
								-- Fecha en los últimos 365 días
    DECLARE @fechapago DATETIME = DATEADD(DAY, -CAST((RAND() * 365) AS INT), GETDATE()); 
								--genera valores entre 1 y 5
    DECLARE @idtipogasto INT = FLOOR(RAND() * 5) + 1;
								--genera valores entre 1 y 10
    
								-- Importe aleatorio
    DECLARE @importe DECIMAL(8, 2) = CAST(RAND() * 1000 AS DECIMAL(8, 2)); 

    -- Insertar el registro aleatorio en la tabla GASTO y GASTONEW
	INSERT INTO gasto (idprovincia, idlocalidad, idconsorcio,periodo, fechapago, idtipogasto, importe)
    VALUES (@idprovincia, @idlocalidad,@idconsorcio ,@periodo, @fechapago, @idtipogasto, @importe);

    INSERT INTO gastonew (idprovincia, idlocalidad, idconsorcio,periodo, fechapago, idtipogasto, importe)
    VALUES (@idprovincia, @idlocalidad,@idconsorcio ,@periodo, @fechapago, @idtipogasto, @importe);

    -- Incrementar el contador
    SET @RowCount = @RowCount + 1;
END
GO